Data,Id Venda,IdCategoria,Categoria,IdPais,Pais,idProduto,Produto,Custo fabricacao,Unidades Vendidas,Preco venda,Vendas total,Descontos
2022-06-05,1,1,Moda,635,Canadá,3,Calça social,3,1188,20,23760,0.0
2021-08-07,2,1,Moda,636,Alemanha,4,Camisa social,3,574,20,11480,0.0
2022-04-15,3,4,Acessórios,637,França,12,Relogio,3,1088,15,16320,0.0
2022-07-12,4,4,Acessórios,636,Alemanha,11,Pulseiras,3,570,15,8550,0.0
2023-03-25,5,4,Acessórios,638,México,2,Braceletes,3,538,15,8070,0.0
2022-07-31,6,1,Moda,636,Alemanha,5,Camiseta,3,411,350,143850,0.0
2022-10-17,7,4,Acessórios,636,Alemanha,12,Relogio,5,553,15,8295,0.0
2022-08-13,8,2,Calçados,635,Canadá,1,Botas,5,98,12,1176,0.0
2023-01-23,9,1,Moda,637,França,15,Shorts,5,104,20,2080,0.0
2023-06-11,10,2,Calçados,636,Alemanha,14,Sapato social,5,810,12,9720,0.0
2023-02-14,11,4,Acessórios,638,México,2,Braceletes,5,542,15,8130,0.0
2023-05-14,12,3,Eletrônicos,635,Canadá,16,Smartfone,5,997,125,124625,0.0
2021-10-15,13,5,Automitivos,638,México,8,Limpa vidros,5,982,300,294600,0.0
2022-03-17,14,1,Moda,636,Alemanha,3,Calça social,5,981,7,6867,0.0
2021-07-10,15,3,Eletrônicos,635,Canadá,16,Smartfone,5,697,125,87125,0.0
2022-03-03,16,4,Acessórios,639,USA,12,Relogio,5,459,15,6885,0.0
2021-04-12,17,1,Moda,635,Canadá,3,Calça social,10,525,20,10500,0.0
2022-11-17,18,4,Acessórios,638,México,11,Pulseiras,10,573,15,8595,0.0
2023-05-15,19,2,Calçados,635,Canadá,13,Sapatilha,10,67,12,804,0.0
2021-07-02,20,1,Moda,636,Alemanha,3,Calça social,10,552,350,193200,0.0
2022-01-20,21,2,Calçados,636,Alemanha,14,Sapato social,10,560,12,6720,0.0
2022-11-26,22,1,Moda,638,México,5,Camiseta,10,714,7,4998,0.0
2021-12-17,23,4,Acessórios,637,França,12,Relogio,10,986,15,14790,0.0
2022-08-07,24,5,Automitivos,638,México,8,Limpa vidros,10,239,300,71700,0.0
2022-09-27,25,4,Acessórios,638,México,11,Pulseiras,10,53,15,795,0.0
2022-01-30,26,1,Moda,639,USA,5,Camiseta,10,347,7,2429,0.0
2023-03-04,27,1,Moda,635,Canadá,5,Camiseta,10,851,350,297850,0.0
2023-04-20,28,2,Calçados,639,USA,14,Sapato social,10,140,12,1680,0.0
2022-12-13,29,4,Acessórios,635,Canadá,12,Relogio,10,225,15,3375,0.0
2023-04-08,30,1,Moda,635,Canadá,5,Camiseta,10,1122,20,22440,0.0
2022-08-25,31,1,Moda,636,Alemanha,3,Calça social,10,635,350,222250,0.0
2022-08-23,32,1,Moda,638,México,3,Calça social,120,1107,7,7749,0.0
2022-01-01,33,3,Eletrônicos,637,França,16,Smartfone,120,956,125,119500,0.0
2021-08-01,34,2,Calçados,636,Alemanha,14,Sapato social,120,165,12,1980,0.0
2022-03-31,35,1,Moda,636,Alemanha,3,Calça social,120,374,350,130900,0.0
2023-06-08,36,2,Calçados,636,Alemanha,14,Sapato social,120,666,12,7992,0.0
2023-06-04,37,3,Eletrônicos,639,USA,16,Smartfone,120,759,125,94875,0.0
2022-12-12,38,3,Eletrônicos,635,Canadá,16,Smartfone,120,739,125,92375,0.0
2021-09-16,39,5,Automitivos,635,Canadá,8,Limpa vidros,250,116,300,34800,0.0
2022-05-16,40,2,Calçados,636,Alemanha,14,Sapato social,250,685,12,8220,0.0
2023-04-30,41,4,Acessórios,637,França,11,Pulseiras,250,1079,15,16185,0.0
2023-01-19,42,4,Acessórios,636,Alemanha,2,Braceletes,250,850,15,12750,0.0
2022-06-11,43,1,Moda,637,França,3,Calça social,250,1170,350,409500,0.0
2022-03-20,44,5,Automitivos,637,França,8,Limpa vidros,250,52,300,15600,0.0
2021-06-27,45,1,Moda,635,Canadá,4,Camisa social,250,849,20,16980,0.0
2022-09-05,46,1,Moda,637,França,4,Camisa social,260,242,350,84700,0.0
2022-09-20,47,2,Calçados,639,USA,14,Sapato social,260,608,12,7296,0.0
2023-04-19,48,3,Eletrônicos,636,Alemanha,16,Smartfone,260,838,125,104750,0.0
2022-05-13,49,1,Moda,637,França,4,Camisa social,260,817,20,16340,0.0
2022-09-22,50,1,Moda,636,Alemanha,4,Camisa social,260,55,7,385,0.0
2021-06-13,51,2,Calçados,639,USA,14,Sapato social,260,830,12,9960,0.0
2022-11-02,52,1,Moda,639,USA,4,Camisa social,260,1045,7,7315,0.0
2021-08-28,53,4,Acessórios,639,USA,2,Braceletes,260,465,15,6975,0.0
2022-03-18,54,1,Moda,637,França,4,Camisa social,10,218,7,1526,276.15
2022-03-19,55,4,Acessórios,637,França,2,Braceletes,10,559,15,8385,344.4
2023-02-05,56,1,Moda,637,França,15,Shorts,10,732,7,5124,72.1
2022-09-21,57,1,Moda,637,França,15,Shorts,120,588,7,4116,44.73
2022-04-11,58,1,Moda,635,Canadá,15,Shorts,250,1169,7,8183,92.82
2021-07-19,59,2,Calçados,639,USA,1,Botas,3,151,12,1812,222.96
2022-08-07,60,1,Moda,638,México,15,Shorts,3,271,350,94850,4235.0
2022-06-23,61,1,Moda,639,USA,15,Shorts,3,832,7,5824,177.03
2022-01-14,62,2,Calçados,635,Canadá,1,Botas,3,27,12,324,173.4
2021-08-03,63,3,Eletrônicos,639,USA,16,Smartfone,3,152,125,19000,412.5
2021-10-23,64,2,Calçados,637,França,1,Botas,3,932,12,11184,320.52
2023-06-08,65,2,Calçados,636,Alemanha,1,Botas,3,1187,12,14244,91.92
2022-08-27,66,5,Automitivos,638,México,7,Farois,3,344,300,103200,1482.0
2021-12-26,67,1,Moda,638,México,15,Shorts,3,197,350,68950,4889.5
2021-10-07,68,1,Moda,637,França,15,Shorts,3,867,350,303450,7542.5
2022-03-31,69,4,Acessórios,638,México,2,Braceletes,5,942,15,14130,332.1
2021-07-20,70,5,Automitivos,639,USA,7,Farois,5,57,300,17100,6903.0
2022-08-13,71,1,Moda,637,França,15,Shorts,5,690,20,13800,275.1
2022-01-31,72,1,Moda,635,Canadá,15,Shorts,5,1027,7,7189,128.1
2022-08-06,73,5,Automitivos,639,USA,7,Farois,5,684,300,205200,7494.0
2021-05-15,74,3,Eletrônicos,639,USA,16,Smartfone,5,1056,125,132000,828.75
2022-12-17,75,4,Acessórios,639,USA,12,Relogio,10,762,15,11430,227.1
2021-05-02,76,1,Moda,639,USA,4,Camisa social,10,725,7,5075,314.475
2022-02-16,77,3,Eletrônicos,639,USA,16,Smartfone,10,290,125,36250,908.75
2021-04-11,78,3,Eletrônicos,637,França,16,Smartfone,10,136,125,17000,983.75
2022-08-26,79,3,Eletrônicos,638,México,16,Smartfone,10,1059,125,132375,2278.75
2022-11-15,80,4,Acessórios,636,Alemanha,12,Relogio,10,1041,15,15615,112.05
2021-12-03,81,2,Calçados,636,Alemanha,1,Botas,10,794,12,9528,91.92
2022-03-27,82,5,Automitivos,639,USA,7,Farois,10,1096,300,328800,8715.0
2022-05-10,83,1,Moda,637,França,4,Camisa social,10,855,350,299250,7542.5
2021-12-19,84,1,Moda,637,França,4,Camisa social,120,596,20,11920,772.8000000000001
2022-11-12,85,1,Moda,638,México,4,Camisa social,120,173,7,1211,25.34
2023-02-09,86,3,Eletrônicos,635,Canadá,16,Smartfone,120,246,125,30750,1153.75
2022-08-26,87,3,Eletrônicos,639,USA,16,Smartfone,120,1085,125,135625,828.75
2023-02-07,88,1,Moda,635,Canadá,4,Camisa social,120,426,7,2982,146.44
2022-07-08,89,1,Moda,636,Alemanha,4,Camisa social,250,195,7,1365,18.41
2021-07-27,90,1,Moda,635,Canadá,3,Calça social,250,325,350,113750,3302.25
2021-08-04,91,3,Eletrônicos,639,USA,16,Smartfone,250,700,125,87500,908.75
2022-06-15,92,3,Eletrônicos,637,França,16,Smartfone,250,836,125,104500,983.75
2022-08-18,93,5,Automitivos,636,Alemanha,7,Farois,250,23,300,6900,2958.0
2021-07-02,94,5,Automitivos,638,México,7,Farois,250,1009,300,302700,1482.0
2021-07-20,95,1,Moda,638,México,3,Calça social,250,821,350,287350,4889.5
2023-04-06,96,3,Eletrônicos,637,França,16,Smartfone,250,332,125,41500,2180.0
2022-01-04,97,2,Calçados,639,USA,1,Botas,260,816,12,9792,238.68
2022-10-15,98,4,Acessórios,637,França,12,Relogio,260,1083,15,16245,48.15
2021-09-28,99,3,Eletrônicos,635,Canadá,16,Smartfone,3,94,125,11750,1856.25
2022-09-26,100,2,Calçados,635,Canadá,1,Botas,3,745,12,8940,310.8
2023-01-15,101,5,Automitivos,636,Alemanha,7,Farois,3,896,300,268800,1284.0
2021-12-24,102,1,Moda,637,França,3,Calça social,3,413,7,2891,300.3
2023-03-05,103,1,Moda,635,Canadá,3,Calça social,3,253,350,88550,19964.0
2023-01-02,104,2,Calçados,639,USA,1,Botas,5,163,12,1956,274.08
2023-03-06,105,1,Moda,639,USA,3,Calça social,5,665,20,13300,626.4
2021-05-30,106,2,Calçados,638,México,1,Botas,5,1128,12,13536,165.6
2022-05-18,107,3,Eletrônicos,638,México,16,Smartfone,5,533,125,66625,4150.0
2022-06-30,108,4,Acessórios,635,Canadá,12,Relogio,10,420,15,6300,708.9
2023-05-21,109,5,Automitivos,637,França,10,Pneus,10,878,300,263400,5508.0
2022-12-05,110,5,Automitivos,636,Alemanha,10,Pneus,10,652,300,195600,10368.0
2023-04-24,111,2,Calçados,639,USA,1,Botas,10,219,12,2628,274.08
2023-03-23,112,3,Eletrônicos,638,México,16,Smartfone,10,837,125,104625,1655.0
2021-05-15,113,2,Calçados,635,Canadá,1,Botas,10,881,12,10572,310.8
2022-08-21,114,3,Eletrônicos,636,Alemanha,16,Smartfone,10,955,125,119375,2022.5
2021-06-23,115,3,Eletrônicos,638,México,16,Smartfone,10,1051,125,131375,5362.5
2023-05-06,116,2,Calçados,637,França,1,Botas,10,67,12,804,428.4
2021-04-09,117,5,Automitivos,635,Canadá,10,Pneus,10,916,300,274800,11496.0
2022-05-31,118,1,Moda,635,Canadá,3,Calça social,10,670,350,234500,19964.0
2021-12-18,119,3,Eletrônicos,635,Canadá,16,Smartfone,10,835,125,104375,6822.5
2022-12-29,120,4,Acessórios,639,USA,12,Relogio,10,337,15,5055,577.5
2023-05-10,121,1,Moda,639,USA,3,Calça social,10,1191,7,8337,281.82
2022-09-12,122,2,Calçados,637,França,1,Botas,10,745,12,8940,253.2
2021-05-27,123,2,Calçados,638,México,1,Botas,10,768,12,9216,260.16
2021-05-30,124,1,Moda,639,USA,3,Calça social,120,1009,20,20180,626.4
2022-12-01,125,1,Moda,636,Alemanha,3,Calça social,120,161,350,56350,20762.0
2021-08-02,126,1,Moda,636,Alemanha,3,Calça social,120,65,350,22750,20139.0
2021-12-06,127,3,Eletrônicos,636,Alemanha,16,Smartfone,120,112,125,14000,2022.5
2023-02-19,128,3,Eletrônicos,638,México,16,Smartfone,120,701,125,87625,5362.5
2022-01-02,129,2,Calçados,637,França,13,Sapatilha,120,75,12,900,253.2
2021-07-05,130,1,Moda,638,México,15,Shorts,120,1089,20,21780,217.6
2022-06-20,131,2,Calçados,638,México,13,Sapatilha,120,381,12,4572,260.16
2022-06-13,132,3,Eletrônicos,638,México,16,Smartfone,250,885,125,110625,1655.0
2022-04-30,133,5,Automitivos,636,Alemanha,10,Pneus,250,542,300,162600,1284.0
2021-12-05,134,1,Moda,636,Alemanha,15,Shorts,250,344,350,120400,20139.0
2021-08-18,135,3,Eletrônicos,635,Canadá,9,Notebook,250,508,125,63500,6822.5
2022-12-27,136,1,Moda,639,USA,15,Shorts,250,990,350,346500,1862.0
2023-02-02,137,1,Moda,638,México,15,Shorts,250,975,350,341250,13580.0
2021-12-02,138,5,Automitivos,636,Alemanha,10,Pneus,260,986,300,295800,1554.0
2022-07-31,139,5,Automitivos,638,México,10,Pneus,260,472,300,141600,6606.0
2021-04-21,140,3,Eletrônicos,636,Alemanha,9,Notebook,260,1064,125,133000,5690.0
2023-02-23,141,1,Moda,636,Alemanha,15,Shorts,260,41,350,14350,20762.0
2021-05-02,142,1,Moda,639,USA,15,Shorts,260,288,20,5760,494.4
2022-09-28,143,1,Moda,637,França,15,Shorts,260,14,20,280,376.4
2023-03-24,144,5,Automitivos,635,Canadá,10,Pneus,260,235,300,70500,11496.0
2022-12-17,145,3,Eletrônicos,637,França,9,Notebook,3,40,125,5000,15913.125
2023-02-06,146,1,Moda,636,Alemanha,15,Shorts,3,989,20,19780,1548.0
2022-09-19,147,5,Automitivos,636,Alemanha,10,Pneus,3,314,300,94200,6201.0
2022-10-18,148,2,Calçados,639,USA,13,Sapatilha,3,865,12,10380,700.92
2022-08-01,149,2,Calçados,635,Canadá,13,Sapatilha,3,983,12,11796,326.88
2022-03-02,150,1,Moda,636,Alemanha,15,Shorts,5,683,7,4781,411.18
2022-09-13,151,2,Calçados,637,França,13,Sapatilha,5,45,12,540,684.36
2022-05-30,152,1,Moda,637,França,15,Shorts,5,161,7,1127,114.24
2023-05-31,153,1,Moda,636,Alemanha,15,Shorts,5,559,350,195650,18868.5
2022-11-30,154,3,Eletrônicos,637,França,9,Notebook,5,409,125,51125,4826.25
2023-03-16,155,3,Eletrônicos,636,Alemanha,9,Notebook,5,401,125,50125,6397.5
2023-01-06,156,5,Automitivos,637,França,10,Pneus,10,705,300,211500,21910.5
2023-04-09,157,3,Eletrônicos,635,Canadá,9,Notebook,10,91,125,11375,6652.5
2022-05-29,158,2,Calçados,637,França,13,Sapatilha,10,208,12,2496,684.36
2022-04-06,159,5,Automitivos,636,Alemanha,10,Pneus,10,343,300,102900,6201.0
2022-12-29,160,3,Eletrônicos,636,Alemanha,9,Notebook,10,692,125,86500,5887.5
2022-01-14,161,2,Calçados,639,USA,13,Sapatilha,10,663,12,7956,493.02
2022-03-10,162,3,Eletrônicos,635,Canadá,9,Notebook,10,251,125,31375,7533.75
2022-07-09,163,4,Acessórios,636,Alemanha,12,Relogio,10,909,15,13635,875.25
2023-04-04,164,3,Eletrônicos,637,França,9,Notebook,10,866,125,108250,4826.25
2021-12-18,165,3,Eletrônicos,636,Alemanha,9,Notebook,10,237,125,29625,6397.5
2023-01-31,166,3,Eletrônicos,635,Canadá,9,Notebook,120,595,125,74375,7533.75
2022-11-25,167,5,Automitivos,639,USA,8,Limpa vidros,250,1181,300,354300,25596.0
2021-04-29,168,2,Calçados,638,México,13,Sapatilha,250,954,12,11448,689.76
2022-11-09,169,3,Eletrônicos,636,Alemanha,9,Notebook,250,618,125,77250,5887.5
2021-08-16,170,5,Automitivos,635,Canadá,8,Limpa vidros,250,784,300,235200,16866.0
2022-04-17,171,1,Moda,638,México,15,Shorts,250,1171,350,409850,17241.0
2022-08-24,172,4,Acessórios,636,Alemanha,12,Relogio,250,461,15,6915,875.25
2022-05-13,173,1,Moda,635,Canadá,4,Camisa social,3,398,20,7960,498.6
2022-07-14,174,1,Moda,638,México,4,Camisa social,10,842,7,5894,369.6
2021-04-23,175,1,Moda,635,Canadá,4,Camisa social,120,1048,20,20960,2310.3
2022-03-21,176,2,Calçados,636,Alemanha,13,Sapatilha,250,400,12,4800,892.44
2022-06-20,177,4,Acessórios,638,México,12,Relogio,5,979,15,14685,1218.6
2023-01-27,178,4,Acessórios,638,México,12,Relogio,10,153,15,2295,1218.6
2021-12-19,179,4,Acessórios,637,França,2,Braceletes,10,402,15,6030,1356.6
2021-09-24,180,1,Moda,639,USA,4,Camisa social,120,319,20,6380,588.8
2022-05-15,181,1,Moda,635,Canadá,4,Camisa social,3,936,7,6552,798.28
2021-08-17,182,5,Automitivos,636,Alemanha,8,Limpa vidros,3,1143,300,342900,24252.0
2022-06-19,183,1,Moda,639,USA,4,Camisa social,3,500,350,175000,3836.0
2022-03-26,184,4,Acessórios,635,Canadá,2,Braceletes,5,897,15,13455,1180.2
2022-12-12,185,5,Automitivos,636,Alemanha,8,Limpa vidros,5,1071,300,321300,22308.0
2022-12-05,186,1,Moda,635,Canadá,4,Camisa social,5,1066,7,7462,798.28
2022-01-28,187,5,Automitivos,636,Alemanha,8,Limpa vidros,5,474,300,142200,24252.0
2022-12-02,188,3,Eletrônicos,638,México,9,Notebook,5,177,125,22125,5690.0
2023-06-01,189,1,Moda,635,Canadá,4,Camisa social,10,763,7,5341,1190.28
2021-05-25,190,3,Eletrônicos,636,Alemanha,9,Notebook,10,377,125,47125,3975.0
2022-09-20,191,5,Automitivos,636,Alemanha,8,Limpa vidros,10,677,300,203100,16974.0
2022-04-01,192,5,Automitivos,639,USA,8,Limpa vidros,10,947,300,284100,35016.0
2022-08-06,193,1,Moda,639,USA,4,Camisa social,10,557,350,194950,48300.0
2021-07-11,194,3,Eletrônicos,637,França,9,Notebook,10,887,125,110875,14940.0
2021-12-24,195,4,Acessórios,635,Canadá,2,Braceletes,10,979,15,14685,130.8
2021-12-12,196,1,Moda,635,Canadá,4,Camisa social,10,375,20,7500,1659.2
2023-03-06,197,1,Moda,639,USA,4,Camisa social,10,1119,20,22380,844.8
2023-01-19,198,4,Acessórios,639,USA,2,Braceletes,10,838,15,12570,402.6
2021-06-26,199,4,Acessórios,638,México,2,Braceletes,10,526,15,7890,908.4
2023-01-13,200,1,Moda,639,USA,4,Camisa social,10,992,350,347200,3836.0
2022-08-13,201,3,Eletrônicos,638,México,9,Notebook,10,845,125,105625,5690.0
2021-04-21,202,2,Calçados,639,USA,13,Sapatilha,120,914,12,10968,703.2
2021-09-25,203,1,Moda,635,Canadá,4,Camisa social,120,995,20,19900,2116.8
2022-01-13,204,1,Moda,637,França,4,Camisa social,120,777,350,271950,30478.0
2021-04-26,205,2,Calçados,637,França,13,Sapatilha,250,1085,12,13020,415.68
2021-04-21,206,1,Moda,639,USA,4,Camisa social,250,795,350,278250,4886.0
2023-02-21,207,1,Moda,637,França,4,Camisa social,250,310,350,108500,30478.0
2021-04-12,208,4,Acessórios,638,México,2,Braceletes,250,456,15,6840,908.4
2021-09-03,209,1,Moda,638,México,4,Camisa social,260,928,350,324800,26110.0
2021-04-15,210,3,Eletrônicos,638,México,9,Notebook,260,199,125,24875,5370.0
2022-01-28,211,1,Moda,636,Alemanha,5,Camiseta,260,268,350,93800,26698.0
2023-02-27,212,4,Acessórios,639,USA,11,Pulseiras,260,987,15,14805,402.6
2022-10-05,213,1,Moda,635,Canadá,5,Camiseta,260,1094,350,382900,24892.0
2022-08-17,214,1,Moda,636,Alemanha,5,Camiseta,5,942,7,6594,405.65
2023-02-04,215,1,Moda,636,Alemanha,5,Camiseta,10,360,7,2520,480.2
2022-01-10,216,1,Moda,635,Canadá,5,Camiseta,10,894,7,6258,822.15
2021-07-25,217,1,Moda,638,México,5,Camiseta,10,1033,7,7231,941.15
2022-02-05,218,2,Calçados,635,Canadá,13,Sapatilha,10,205,12,2460,1458.6
2022-05-11,219,2,Calçados,635,Canadá,13,Sapatilha,120,191,12,2292,1458.6
2022-10-28,220,1,Moda,638,México,5,Camiseta,250,1143,7,8001,941.15
2023-01-01,221,1,Moda,638,México,5,Camiseta,260,724,7,5068,589.05
2021-04-21,222,2,Calçados,638,México,13,Sapatilha,260,652,12,7824,673.8
2023-03-16,223,1,Moda,636,Alemanha,5,Camiseta,260,261,7,1827,405.65
2022-10-01,224,2,Calçados,637,França,13,Sapatilha,3,467,12,5604,1119.0
2022-04-05,225,2,Calçados,636,Alemanha,13,Sapatilha,3,777,12,9324,669.6
2022-03-04,226,1,Moda,637,França,5,Camiseta,3,347,20,6940,1563.0
2023-05-25,227,5,Automitivos,639,USA,8,Limpa vidros,3,202,300,60600,14865.0
2022-09-04,228,1,Moda,636,Alemanha,5,Camiseta,3,840,7,5880,355.6
2021-08-18,229,4,Acessórios,638,México,11,Pulseiras,3,44,15,660,2093.25
2023-06-10,230,1,Moda,639,USA,5,Camiseta,3,212,7,1484,199.5
2021-05-04,231,1,Moda,637,França,5,Camiseta,3,722,7,5054,870.45
2021-05-16,232,1,Moda,637,França,5,Camiseta,5,1010,350,353500,24228.75
2021-05-15,233,3,Eletrônicos,639,USA,9,Notebook,5,238,125,29750,22668.75
2023-05-06,234,1,Moda,638,México,5,Camiseta,5,52,350,18200,12600.0
2022-11-22,235,2,Calçados,636,Alemanha,13,Sapatilha,5,801,12,9612,1405.2
2022-12-27,236,5,Automitivos,638,México,8,Limpa vidros,5,702,300,210600,16500.0
2021-08-01,237,1,Moda,637,França,5,Camiseta,10,33,20,660,1303.0
2023-02-09,238,3,Eletrônicos,639,USA,9,Notebook,10,610,125,76250,18700.0
2021-09-17,239,3,Eletrônicos,637,França,9,Notebook,10,293,125,36625,14906.25
2022-08-30,240,5,Automitivos,638,México,8,Limpa vidros,10,1154,300,346200,24105.0
2021-05-30,241,1,Moda,639,USA,5,Camiseta,10,1178,7,8246,814.45
2021-09-01,242,5,Automitivos,639,USA,8,Limpa vidros,10,712,300,213600,14865.0
2021-11-07,243,1,Moda,639,USA,5,Camiseta,10,81,350,28350,10535.0
2022-09-08,244,4,Acessórios,637,França,11,Pulseiras,10,147,15,2205,1965.0
2023-02-26,245,1,Moda,635,Canadá,5,Camiseta,10,748,350,261800,21490.0
2022-08-04,246,1,Moda,635,Canadá,5,Camiseta,10,670,20,13400,1389.0
2022-05-04,247,3,Eletrônicos,639,USA,9,Notebook,10,759,125,94875,5381.25
2022-08-04,248,3,Eletrônicos,637,França,9,Notebook,10,822,125,102750,4400.0
2022-02-23,249,1,Moda,635,Canadá,5,Camiseta,10,662,20,13240,1802.0
2021-09-15,250,1,Moda,639,USA,5,Camiseta,10,201,20,4020,2663.0
2022-07-12,251,1,Moda,637,França,15,Shorts,10,298,7,2086,747.6
2023-05-22,252,4,Acessórios,636,Alemanha,11,Pulseiras,10,74,15,1110,1587.0
2022-05-10,253,4,Acessórios,639,USA,11,Pulseiras,120,254,15,3810,416.25
2022-09-03,254,4,Acessórios,638,México,11,Pulseiras,120,433,15,6495,2145.75
2023-05-09,255,3,Eletrônicos,636,Alemanha,6,Desktop,120,373,125,46625,5043.75
2021-12-18,256,1,Moda,639,USA,15,Shorts,120,1101,350,385350,10535.0
2021-10-20,257,1,Moda,639,USA,15,Shorts,120,766,20,15320,2832.0
2022-11-22,258,1,Moda,637,França,15,Shorts,120,153,20,3060,1579.0
2022-10-09,259,3,Eletrônicos,639,USA,6,Desktop,120,403,125,50375,5381.25
2021-04-15,260,3,Eletrônicos,637,França,6,Desktop,120,618,125,77250,4400.0
2023-04-11,261,1,Moda,637,França,15,Shorts,120,354,20,7080,1033.0
2023-03-22,262,5,Automitivos,636,Alemanha,8,Limpa vidros,120,451,300,135300,18750.0
2021-06-12,263,1,Moda,635,Canadá,15,Shorts,250,196,20,3920,1389.0
2021-12-11,264,1,Moda,639,USA,15,Shorts,250,560,20,11200,1265.0
2023-02-13,265,1,Moda,636,Alemanha,15,Shorts,250,1138,20,22760,2297.0
2023-03-13,266,1,Moda,639,USA,15,Shorts,250,1180,20,23600,2663.0
2022-12-30,267,1,Moda,639,USA,15,Shorts,250,149,7,1043,199.5
2023-04-02,268,1,Moda,637,França,15,Shorts,250,1157,7,8099,870.45
2023-02-26,269,1,Moda,636,Alemanha,15,Shorts,260,367,350,128450,23625.0
2022-02-27,270,1,Moda,635,Canadá,15,Shorts,260,38,350,13300,9660.0
2021-07-15,271,1,Moda,635,Canadá,15,Shorts,260,18,350,6300,21490.0
2022-08-04,272,5,Automitivos,636,Alemanha,8,Limpa vidros,260,524,300,157200,18750.0
2022-06-30,273,4,Acessórios,637,França,11,Pulseiras,10,578,15,8670,3420.8999999999996
2022-07-04,274,1,Moda,639,USA,15,Shorts,3,748,20,14960,1341.0
2023-01-11,275,4,Acessórios,635,Canadá,11,Pulseiras,3,325,15,4875,2559.6
2022-10-12,276,2,Calçados,638,México,13,Sapatilha,3,373,12,4476,404.64
2022-09-13,277,2,Calçados,635,Canadá,13,Sapatilha,3,861,12,10332,1655.28
2022-02-27,278,4,Acessórios,639,USA,12,Relogio,3,376,15,5640,1827.0
2023-03-15,279,1,Moda,639,USA,15,Shorts,3,1123,7,7861,110.46
2023-06-12,280,3,Eletrônicos,636,Alemanha,6,Desktop,3,778,125,97250,6652.5
2022-10-14,281,1,Moda,638,México,15,Shorts,5,459,350,160650,20580.0
2022-03-25,282,1,Moda,636,Alemanha,15,Shorts,5,402,350,140700,30660.0
2022-05-31,283,1,Moda,637,França,15,Shorts,5,1059,7,7413,589.26
2021-10-14,284,2,Calçados,639,USA,13,Sapatilha,5,99,12,1188,1960.56
2022-02-10,285,1,Moda,637,França,15,Shorts,10,1191,350,416850,31416.0
2022-01-13,286,2,Calçados,635,Canadá,13,Sapatilha,10,86,12,1032,1655.28
2023-05-16,287,1,Moda,639,USA,15,Shorts,10,188,350,65800,15267.0
2022-08-01,288,3,Eletrônicos,635,Canadá,6,Desktop,120,619,125,77375,7140.0
2022-11-17,289,3,Eletrônicos,639,USA,6,Desktop,120,501,125,62625,20662.5
2021-06-05,290,4,Acessórios,636,Alemanha,12,Relogio,120,905,15,13575,1377.0
2022-10-28,291,1,Moda,637,França,15,Shorts,120,491,350,171850,31416.0
2021-09-08,292,1,Moda,638,México,15,Shorts,120,142,7,994,629.16
2021-06-15,293,5,Automitivos,637,França,8,Limpa vidros,120,249,300,74700,21978.0
2021-10-12,294,1,Moda,637,França,15,Shorts,120,464,350,162400,43596.0
2022-04-15,295,4,Acessórios,635,Canadá,12,Relogio,250,67,15,1005,2559.6
2021-10-21,296,1,Moda,638,México,15,Shorts,250,1085,7,7595,629.16
2022-01-17,297,5,Automitivos,637,França,7,Farois,250,1002,300,300600,21978.0
2023-05-09,298,1,Moda,638,México,15,Shorts,250,911,20,18220,1347.6
2022-05-11,299,5,Automitivos,635,Canadá,7,Farois,250,313,300,93900,43848.0
2022-05-12,300,3,Eletrônicos,637,França,6,Desktop,260,1092,125,136500,14906.25
2021-06-25,301,1,Moda,638,México,15,Shorts,260,234,350,81900,35259.0
2022-03-10,302,1,Moda,639,USA,15,Shorts,260,285,350,99750,15267.0
2022-11-11,303,1,Moda,637,França,15,Shorts,260,544,7,3808,589.26
2021-08-30,304,1,Moda,637,França,15,Shorts,260,1039,350,363650,43596.0
2022-09-02,305,1,Moda,637,França,4,Camisa social,5,124,20,2480,2108.4
2022-12-14,306,4,Acessórios,639,USA,12,Relogio,10,127,15,1905,1978.2
2022-02-16,307,4,Acessórios,636,Alemanha,12,Relogio,10,226,15,3390,1568.7
2022-07-29,308,4,Acessórios,639,USA,12,Relogio,10,838,15,12570,1037.7
2023-01-18,309,1,Moda,637,França,4,Camisa social,10,202,20,4040,2108.4
2021-06-02,310,1,Moda,636,Alemanha,4,Camisa social,120,128,20,2560,1201.2
2021-11-10,311,1,Moda,638,México,4,Camisa social,120,624,7,4368,559.86
2023-04-14,312,4,Acessórios,639,USA,11,Pulseiras,250,699,15,10485,1037.7
2021-11-24,313,2,Calçados,638,México,13,Sapatilha,3,127,12,1524,610.68
2022-07-06,314,2,Calçados,635,Canadá,14,Sapato social,3,1174,12,14088,1582.56
2022-03-11,315,1,Moda,638,México,4,Camisa social,3,9,20,180,2567.6
2022-09-03,316,2,Calçados,638,México,14,Sapato social,5,635,12,7620,1965.6
2022-12-16,317,2,Calçados,637,França,14,Sapato social,5,271,12,3252,1967.28
2022-10-15,318,1,Moda,637,França,4,Camisa social,10,157,7,1099,505.19
2022-12-12,319,4,Acessórios,635,Canadá,11,Pulseiras,120,1093,15,16395,1325.1
2022-06-23,320,1,Moda,635,Canadá,4,Camisa social,120,674,7,4718,556.15
2021-08-02,321,1,Moda,639,USA,4,Camisa social,120,537,7,3759,268.03
2022-10-20,322,1,Moda,635,Canadá,4,Camisa social,120,132,7,924,775.18
2022-07-16,323,2,Calçados,637,França,14,Sapato social,250,773,12,9276,1460.34
2021-10-21,324,2,Calçados,636,Alemanha,14,Sapato social,250,233,12,2796,1860.6
2023-06-01,325,1,Moda,635,Canadá,4,Camisa social,250,1067,7,7469,775.18
2021-12-06,326,1,Moda,635,Canadá,4,Camisa social,260,712,7,4984,556.15
2021-05-23,327,1,Moda,639,USA,4,Camisa social,3,1030,350,360500,43144.5
2021-05-04,328,5,Automitivos,637,França,7,Farois,3,40,300,12000,9408.0
2021-08-19,329,5,Automitivos,637,França,7,Farois,3,144,300,43200,45801.0
2022-10-28,330,1,Moda,637,França,4,Camisa social,5,842,20,16840,2766.4
2021-10-31,331,5,Automitivos,637,França,7,Farois,5,202,300,60600,45801.0
2022-10-05,332,3,Eletrônicos,636,Alemanha,6,Desktop,5,272,125,34000,21875.0
2021-04-22,333,5,Automitivos,635,Canadá,7,Farois,10,201,300,60300,35742.0
2023-01-26,334,5,Automitivos,637,França,7,Farois,10,360,300,108000,9408.0
2021-06-03,335,3,Eletrônicos,636,Alemanha,6,Desktop,10,535,125,66875,30738.75
2021-04-21,336,4,Acessórios,637,França,11,Pulseiras,10,197,15,2955,2206.05
2022-10-22,337,4,Acessórios,639,USA,11,Pulseiras,10,911,15,13665,3077.55
2023-02-27,338,1,Moda,637,França,4,Camisa social,10,76,20,1520,2149.0
2022-11-20,339,5,Automitivos,636,Alemanha,10,Pneus,10,683,300,204900,23583.0
2021-08-19,340,5,Automitivos,635,Canadá,10,Pneus,10,8,300,2400,29484.0
2023-03-26,341,2,Calçados,638,México,14,Sapato social,10,936,12,11232,2320.92
2022-01-31,342,1,Moda,636,Alemanha,4,Camisa social,10,92,7,644,1041.25
2022-05-15,343,5,Automitivos,637,França,10,Pneus,120,138,300,41400,34839.0
2022-04-27,344,1,Moda,638,México,4,Camisa social,120,1158,20,23160,852.6
2022-07-14,345,3,Eletrônicos,636,Alemanha,6,Desktop,120,854,125,106750,18261.25
2021-08-29,346,1,Moda,637,França,4,Camisa social,120,8,20,160,2766.4
2023-04-09,347,1,Moda,639,USA,4,Camisa social,120,823,20,16460,1989.4
2021-05-27,348,5,Automitivos,639,USA,10,Pneus,120,1148,300,344400,28812.0
2022-12-17,349,1,Moda,636,Alemanha,4,Camisa social,120,83,20,1660,823.2
2021-11-03,350,2,Calçados,635,Canadá,14,Sapato social,250,139,12,1668,2725.38
2023-03-14,351,5,Automitivos,637,França,10,Pneus,250,1196,300,358800,20139.0
2022-08-19,352,5,Automitivos,638,México,10,Pneus,250,1067,300,320100,57687.0
2021-10-07,353,3,Eletrônicos,635,Canadá,6,Desktop,260,488,125,61000,14393.75
2022-06-29,354,1,Moda,637,França,4,Camisa social,260,93,350,32550,70462.0
2021-06-06,355,3,Eletrônicos,636,Alemanha,6,Desktop,260,688,125,86000,8697.5
2023-05-20,356,1,Moda,635,Canadá,4,Camisa social,260,17,20,340,1565.2
2023-01-19,357,5,Automitivos,639,USA,10,Pneus,260,996,300,298800,28812.0
2023-06-11,358,1,Moda,635,Canadá,4,Camisa social,5,15,7,105,273.28
2022-01-02,359,1,Moda,639,USA,4,Camisa social,5,462,20,9240,2051.2
2022-09-20,360,1,Moda,635,Canadá,4,Camisa social,10,534,7,3738,143.92
2022-08-15,361,1,Moda,639,USA,4,Camisa social,260,961,20,19220,2051.2
2023-02-13,362,3,Eletrônicos,638,México,6,Desktop,3,822,125,102750,15400.0
2022-04-06,363,4,Acessórios,637,França,11,Pulseiras,3,869,15,13035,588.0
2021-11-04,364,1,Moda,638,México,4,Camisa social,3,582,350,203700,38136.0
2021-09-29,365,4,Acessórios,637,França,11,Pulseiras,5,945,15,14175,3001.2
2022-06-17,366,1,Moda,635,Canadá,3,Calça social,5,968,20,19360,1132.8
2023-05-14,367,1,Moda,636,Alemanha,3,Calça social,5,737,20,14740,1032.0
2021-06-19,368,5,Automitivos,637,França,10,Pneus,5,817,300,245100,37488.0
2023-05-04,369,5,Automitivos,635,Canadá,8,Limpa vidros,5,1006,300,301800,30792.0
2022-02-12,370,4,Acessórios,636,Alemanha,11,Pulseiras,5,959,15,14385,853.2
2022-10-30,371,3,Eletrônicos,638,México,6,Desktop,10,418,125,52250,11140.0
2021-06-24,372,1,Moda,636,Alemanha,3,Calça social,10,726,7,5082,705.04
2022-08-11,373,1,Moda,636,Alemanha,3,Calça social,10,270,7,1890,613.2
2022-03-15,374,1,Moda,636,Alemanha,3,Calça social,10,523,20,10460,2185.6
2021-07-07,375,5,Automitivos,638,México,8,Limpa vidros,10,552,300,165600,59040.0
2022-10-08,376,1,Moda,639,USA,3,Calça social,10,871,7,6097,379.68
2022-11-29,377,1,Moda,636,Alemanha,3,Calça social,10,394,7,2758,894.88
2022-02-11,378,1,Moda,636,Alemanha,3,Calça social,10,574,7,4018,1349.04
2022-04-25,379,1,Moda,636,Alemanha,3,Calça social,10,482,20,9640,3094.4
2021-08-21,380,1,Moda,638,México,3,Calça social,10,398,20,7960,4788.8
2021-06-29,381,1,Moda,636,Alemanha,3,Calça social,10,362,350,126700,60088.0
2022-10-07,382,1,Moda,638,México,3,Calça social,10,218,7,1526,1089.76
2022-09-02,383,1,Moda,638,México,3,Calça social,10,271,350,94850,38136.0
2022-08-07,384,2,Calçados,635,Canadá,14,Sapato social,120,832,12,9984,574.08
2022-02-24,385,1,Moda,639,USA,3,Calça social,120,749,7,5243,1627.92
2022-06-11,386,1,Moda,636,Alemanha,3,Calça social,120,1152,7,8064,1309.28
2021-09-25,387,5,Automitivos,637,França,8,Limpa vidros,120,55,300,16500,9264.0
2022-12-08,388,5,Automitivos,638,México,8,Limpa vidros,120,843,300,252900,15240.0
2022-03-13,389,1,Moda,637,França,3,Calça social,250,1171,350,409850,16086.0
2021-07-28,390,1,Moda,636,Alemanha,3,Calça social,250,756,7,5292,1309.28
2021-04-26,391,1,Moda,637,França,3,Calça social,250,794,350,277900,10668.0
2022-11-02,392,1,Moda,636,Alemanha,3,Calça social,250,768,350,268800,11816.0
2023-01-24,393,5,Automitivos,635,Canadá,8,Limpa vidros,250,69,300,20700,51216.0
2021-04-06,394,5,Automitivos,639,USA,8,Limpa vidros,250,146,300,43800,19392.0
2023-05-16,395,1,Moda,635,Canadá,3,Calça social,260,576,20,11520,1132.8
2021-06-19,396,1,Moda,639,USA,3,Calça social,260,408,7,2856,1627.92
2022-12-01,397,1,Moda,636,Alemanha,3,Calça social,260,1004,20,20080,2185.6
2021-09-22,398,5,Automitivos,638,México,8,Limpa vidros,260,730,300,219000,59040.0
2022-08-23,399,1,Moda,636,Alemanha,3,Calça social,260,845,20,16900,2432.0
2023-05-25,400,4,Acessórios,636,Alemanha,11,Pulseiras,260,922,15,13830,853.2
2022-11-07,401,2,Calçados,638,México,14,Sapato social,260,206,12,2472,1320.0
2021-05-27,402,5,Automitivos,638,México,8,Limpa vidros,260,814,300,244200,15240.0
2021-11-13,403,1,Moda,639,USA,3,Calça social,250,323,20,6460,698.4000000000001
2021-12-02,404,5,Automitivos,635,Canadá,8,Limpa vidros,3,485,300,145500,29538.0
2021-08-07,405,2,Calçados,638,México,14,Sapato social,3,1029,12,12348,396.36
2023-04-08,406,5,Automitivos,635,Canadá,8,Limpa vidros,5,1166,300,349800,102667.5
2022-12-11,407,1,Moda,637,França,3,Calça social,5,653,350,228550,52479.0
2022-04-01,408,5,Automitivos,637,França,8,Limpa vidros,5,464,300,139200,8694.0
2023-03-20,409,2,Calçados,635,Canadá,14,Sapato social,5,1024,12,12288,2506.68
2021-11-25,410,3,Eletrônicos,637,França,6,Desktop,5,654,125,81750,20891.25
2023-03-04,411,1,Moda,635,Canadá,3,Calça social,5,899,7,6293,1014.93
2021-08-15,412,3,Eletrônicos,639,USA,6,Desktop,5,1076,125,134500,31466.25
2022-02-17,413,5,Automitivos,636,Alemanha,8,Limpa vidros,5,852,300,255600,9018.0
2022-01-13,414,5,Automitivos,638,México,8,Limpa vidros,10,1104,300,331200,69255.0
2022-02-17,415,1,Moda,638,México,3,Calça social,10,31,350,10850,76135.5
2022-03-15,416,4,Acessórios,639,USA,11,Pulseiras,10,1123,15,16845,4961.25
2022-11-07,417,5,Automitivos,635,Canadá,8,Limpa vidros,10,118,300,35400,29538.0
2021-06-22,418,4,Acessórios,637,França,11,Pulseiras,10,445,15,6675,1656.45
2022-12-27,419,2,Calçados,638,México,14,Sapato social,10,643,12,7716,396.36
2022-07-04,420,5,Automitivos,637,França,8,Limpa vidros,10,1154,300,346200,35748.0
2023-02-10,421,2,Calçados,636,Alemanha,14,Sapato social,10,1096,12,13152,1917.0
2022-10-20,422,3,Eletrônicos,639,USA,6,Desktop,10,1028,125,128500,31466.25
2022-06-02,423,4,Acessórios,638,México,11,Pulseiras,120,823,15,12345,330.75
2022-03-23,424,5,Automitivos,635,Canadá,8,Limpa vidros,120,518,300,155400,102424.5
2021-10-30,425,1,Moda,636,Alemanha,3,Calça social,120,991,350,346850,41170.5
2023-05-30,426,3,Eletrônicos,635,Canadá,6,Desktop,120,868,125,108500,6378.75
2021-12-18,427,3,Eletrônicos,638,México,6,Desktop,120,1183,125,147875,23737.5
2022-07-05,428,1,Moda,635,Canadá,3,Calça social,120,814,350,284900,39973.5
2022-11-16,429,2,Calçados,639,USA,14,Sapato social,250,496,12,5952,2112.48
2022-06-25,430,5,Automitivos,636,Alemanha,10,Pneus,250,700,300,210000,71793.0
2023-05-21,431,1,Moda,639,USA,3,Calça social,250,1022,350,357700,42572.25
2021-05-03,432,2,Calçados,636,Alemanha,14,Sapato social,250,584,12,7008,950.4
2021-07-08,433,5,Automitivos,639,USA,10,Pneus,250,527,300,158100,50409.0
2022-03-16,434,2,Calçados,637,França,14,Sapato social,250,281,12,3372,2412.72
2022-10-06,435,4,Acessórios,637,França,2,Braceletes,250,954,15,14310,1656.45
2022-06-16,436,3,Eletrônicos,638,México,6,Desktop,250,66,125,8250,9866.25
2021-09-24,437,1,Moda,639,USA,3,Calça social,260,526,350,184100,65236.5
2022-11-22,438,1,Moda,635,Canadá,3,Calça social,260,771,350,269850,39973.5
2021-08-30,439,4,Acessórios,636,Alemanha,2,Braceletes,260,753,15,11295,1309.5
2023-01-20,440,1,Moda,638,México,3,Calça social,260,1037,20,20740,3049.2
2022-01-29,441,1,Moda,636,Alemanha,3,Calça social,3,1124,20,22480,1193.4
2021-12-02,442,1,Moda,635,Canadá,3,Calça social,3,315,7,2205,515.97
2022-09-03,443,2,Calçados,636,Alemanha,14,Sapato social,3,637,12,7644,1706.4
2023-03-06,444,1,Moda,638,México,3,Calça social,3,545,7,3815,328.23
2021-04-24,445,1,Moda,639,USA,3,Calça social,10,700,20,14000,1751.4
2021-12-21,446,1,Moda,638,México,3,Calça social,10,711,20,14220,1868.4
2022-05-11,447,1,Moda,636,Alemanha,3,Calça social,10,155,7,1085,226.8
2021-07-02,448,2,Calçados,637,França,14,Sapato social,120,201,12,2412,2124.36
2022-03-13,449,4,Acessórios,638,México,2,Braceletes,120,535,15,8025,3547.8
2022-11-26,450,1,Moda,636,Alemanha,3,Calça social,250,561,7,3927,226.8
2021-11-09,451,1,Moda,637,França,3,Calça social,250,870,20,17400,4827.6
2022-10-29,452,1,Moda,638,México,3,Calça social,250,652,7,4564,328.23
2022-06-01,453,1,Moda,638,México,3,Calça social,260,551,20,11020,1868.4
2022-12-25,454,4,Acessórios,635,Canadá,2,Braceletes,260,507,15,7605,2201.175
2021-07-14,455,2,Calçados,637,França,14,Sapato social,260,740,12,8880,330.48
2022-01-02,456,2,Calçados,639,USA,14,Sapato social,3,544,12,6528,463.2
2022-06-11,457,1,Moda,639,USA,3,Calça social,5,238,7,1666,1629.6
2021-11-26,458,2,Calçados,639,USA,14,Sapato social,10,692,12,8304,463.2
2022-04-16,459,3,Eletrônicos,639,USA,6,Desktop,3,128,125,16000,43068.75
2023-05-22,460,3,Eletrônicos,637,França,6,Desktop,3,1181,125,147625,18525.0
2023-05-22,461,1,Moda,639,USA,3,Calça social,5,625,350,218750,80955.0
2022-10-26,462,3,Eletrônicos,639,USA,6,Desktop,5,786,125,98250,22550.0
2022-12-15,463,4,Acessórios,637,França,2,Braceletes,5,658,15,9870,3108.0
2021-11-11,464,1,Moda,637,França,3,Calça social,10,335,20,6700,3908.0
2022-05-01,465,5,Automitivos,638,México,10,Pneus,10,1132,300,339600,17730.0
2023-05-01,466,4,Acessórios,637,França,2,Braceletes,10,613,15,9195,3250.5
2021-08-27,467,1,Moda,636,Alemanha,3,Calça social,10,88,20,1760,482.0
2022-02-04,468,4,Acessórios,636,Alemanha,2,Braceletes,120,1022,15,15330,1021.5
2023-05-24,469,4,Acessórios,636,Alemanha,2,Braceletes,120,1031,15,15465,765.0
2021-10-22,470,4,Acessórios,639,USA,2,Braceletes,120,463,15,6945,1185.0
2022-12-28,471,1,Moda,637,França,3,Calça social,120,222,350,77700,22365.0
2022-05-08,472,3,Eletrônicos,639,USA,6,Desktop,120,1199,125,149875,19950.0
2021-11-16,473,5,Automitivos,639,USA,10,Pneus,120,782,300,234600,68820.0
2023-03-22,474,1,Moda,636,Alemanha,3,Calça social,120,676,20,13520,482.0
2022-08-19,475,1,Moda,636,Alemanha,3,Calça social,120,475,7,3325,1865.5
2021-05-12,476,3,Eletrônicos,635,Canadá,6,Desktop,120,72,125,9000,23950.0
2023-04-01,477,5,Automitivos,637,França,10,Pneus,120,895,300,268500,25590.0
2022-09-09,478,3,Eletrônicos,638,México,6,Desktop,250,648,125,81000,4262.5
2022-04-15,479,4,Acessórios,638,México,2,Braceletes,250,862,15,12930,961.5
2022-06-20,480,1,Moda,639,USA,5,Camiseta,250,1153,350,403550,98245.0
2021-09-22,481,5,Automitivos,638,México,10,Pneus,250,312,300,93600,12960.0
2023-04-20,482,5,Automitivos,639,USA,10,Pneus,250,801,300,240300,68820.0
2021-05-25,483,4,Acessórios,637,França,2,Braceletes,250,640,15,9600,3250.5
2021-06-10,484,3,Eletrônicos,635,Canadá,6,Desktop,250,143,125,17875,31612.5
2021-04-24,485,1,Moda,636,Alemanha,5,Camiseta,250,603,350,211050,65450.0
2023-06-04,486,3,Eletrônicos,639,USA,6,Desktop,260,887,125,110875,7237.5
2021-10-21,487,1,Moda,635,Canadá,5,Camiseta,260,429,350,150150,78400.0
2021-08-28,488,5,Automitivos,639,USA,10,Pneus,260,362,300,108600,89790.0
2022-02-04,489,2,Calçados,635,Canadá,14,Sapato social,260,207,12,2484,4224.6
2021-12-21,490,1,Moda,638,México,5,Camiseta,260,321,20,6420,4078.0
2023-01-16,491,2,Calçados,636,Alemanha,14,Sapato social,260,477,12,5724,3088.8
2023-02-22,492,1,Moda,635,Canadá,5,Camiseta,260,1162,350,406700,24745.0
2021-10-02,493,4,Acessórios,637,França,2,Braceletes,260,997,15,14955,3108.0
2021-12-20,494,5,Automitivos,637,França,10,Pneus,260,384,300,115200,25590.0
2022-08-30,495,2,Calçados,637,França,14,Sapato social,3,446,12,5352,1581.36
2023-02-17,496,1,Moda,637,França,5,Camiseta,10,157,7,1099,1949.6399999999999
2021-10-18,497,2,Calçados,637,França,14,Sapato social,10,1186,12,14232,1581.36
2021-06-04,498,4,Acessórios,635,Canadá,2,Braceletes,120,143,15,2145,633.5999999999999
2021-10-12,499,2,Calçados,636,Alemanha,14,Sapato social,120,775,12,9300,623.04
2021-10-19,500,1,Moda,639,USA,5,Camiseta,250,566,7,3962,1215.83
2021-11-21,501,2,Calçados,638,México,14,Sapato social,250,502,12,6024,1326.6
2022-06-13,502,4,Acessórios,639,USA,2,Braceletes,260,936,15,14040,5279.174999999999
2023-05-30,503,2,Calçados,636,Alemanha,14,Sapato social,260,84,12,1008,623.04
2022-03-15,504,2,Calçados,635,Canadá,1,Botas,3,815,12,9780,2556.84
2021-12-14,505,1,Moda,636,Alemanha,5,Camiseta,3,551,350,192850,30492.0
2022-11-11,506,5,Automitivos,636,Alemanha,10,Pneus,3,125,300,37500,92763.0
2021-12-08,507,3,Eletrônicos,637,França,6,Desktop,3,22,125,2750,33563.75
2023-03-09,508,4,Acessórios,635,Canadá,2,Braceletes,3,1080,15,16200,2574.0
2021-08-01,509,1,Moda,638,México,5,Camiseta,3,1181,7,8267,2083.62
2022-05-08,510,1,Moda,636,Alemanha,5,Camiseta,5,112,350,39200,29491.0
2022-07-18,511,1,Moda,636,Alemanha,5,Camiseta,5,949,20,18980,6582.4
2022-02-24,512,4,Acessórios,638,México,2,Braceletes,5,1008,15,15120,3559.05
2022-02-14,513,5,Automitivos,635,Canadá,10,Pneus,10,255,300,76500,28809.0
2023-02-09,514,1,Moda,638,México,5,Camiseta,10,522,20,10440,2468.4
2021-07-09,515,1,Moda,635,Canadá,5,Camiseta,10,363,350,127050,81023.25
2021-10-14,516,2,Calçados,635,Canadá,1,Botas,10,212,12,2544,5314.32
2022-06-11,517,2,Calçados,637,França,1,Botas,10,193,12,2316,3201.66
2021-10-13,518,1,Moda,635,Canadá,5,Camiseta,10,1123,20,22460,5266.8
2021-06-26,519,4,Acessórios,638,México,2,Braceletes,10,806,15,12090,3273.6
2022-03-09,520,3,Eletrônicos,637,França,6,Desktop,10,965,125,120625,33563.75
2023-02-24,521,1,Moda,636,Alemanha,5,Camiseta,10,214,20,4280,6582.4
2022-11-27,522,5,Automitivos,635,Canadá,10,Pneus,10,11,300,3300,45078.0
2022-02-12,523,1,Moda,637,França,5,Camiseta,120,954,20,19080,6171.0
2022-02-23,524,4,Acessórios,638,México,2,Braceletes,120,690,15,10350,1080.75
2022-12-15,525,1,Moda,638,México,5,Camiseta,120,1115,350,390250,13244.0
2022-09-26,526,1,Moda,635,Canadá,5,Camiseta,120,474,7,3318,1392.16
2022-01-14,527,2,Calçados,637,França,1,Botas,250,774,12,9288,2288.88
2023-01-19,528,3,Eletrônicos,638,México,6,Desktop,250,976,125,122000,7617.5
2022-09-24,529,1,Moda,635,Canadá,5,Camiseta,250,660,20,13200,6457.0
2022-12-20,530,3,Eletrônicos,636,Alemanha,16,Smartfone,260,321,125,40125,43518.75
2023-03-04,531,1,Moda,638,México,5,Camiseta,260,524,20,10480,5783.8
2022-02-04,532,3,Eletrônicos,637,França,16,Smartfone,260,619,125,77375,19703.75
2022-07-29,533,3,Eletrônicos,638,México,16,Smartfone,260,1151,125,143875,13021.25
2022-11-10,534,1,Moda,638,México,5,Camiseta,260,552,350,193200,13244.0
2023-06-09,535,4,Acessórios,638,México,2,Braceletes,260,1104,15,16560,3559.05
2021-04-24,536,1,Moda,639,USA,5,Camiseta,10,492,7,3444,292.6
2023-02-01,537,1,Moda,638,México,5,Camiseta,3,9,350,3150,37212.0
2022-04-13,538,3,Eletrônicos,635,Canadá,16,Smartfone,3,363,125,45375,36240.0
2023-03-24,539,3,Eletrônicos,638,México,16,Smartfone,3,744,125,93000,32340.0
2022-07-11,540,4,Acessórios,635,Canadá,12,Relogio,3,241,15,3615,4840.2
2022-02-26,541,4,Acessórios,639,USA,12,Relogio,5,431,15,6465,1218.6
2022-05-27,542,5,Automitivos,637,França,10,Pneus,5,559,300,167700,63828.0
2023-04-16,543,1,Moda,638,México,5,Camiseta,5,279,7,1953,2032.8
2021-04-18,544,1,Moda,635,Canadá,5,Camiseta,5,864,7,6048,2296.56
2021-11-01,545,1,Moda,638,México,5,Camiseta,5,978,20,19560,4116.0
2022-02-03,546,5,Automitivos,637,França,10,Pneus,5,354,300,106200,42696.0
2023-02-19,547,5,Automitivos,639,USA,10,Pneus,10,342,300,102600,125820.0
2022-08-17,548,1,Moda,638,México,5,Camiseta,10,611,350,213850,37212.0
2021-08-25,549,3,Eletrônicos,638,México,16,Smartfone,10,1177,125,147125,32340.0
2021-06-26,550,1,Moda,638,México,5,Camiseta,10,620,20,12400,2172.0
2022-02-08,551,1,Moda,638,México,5,Camiseta,10,624,20,12480,4116.0
2021-09-08,552,1,Moda,637,França,5,Camiseta,10,995,350,348250,66948.0
2022-06-11,553,5,Automitivos,636,Alemanha,10,Pneus,10,1028,300,308400,48924.0
2023-05-19,554,5,Automitivos,638,México,10,Pneus,10,1076,300,322800,77400.0
2022-10-09,555,1,Moda,638,México,5,Camiseta,10,309,350,108150,50274.0
2022-01-13,556,4,Acessórios,638,México,12,Relogio,10,843,15,12645,684.0
2021-04-09,557,1,Moda,638,México,5,Camiseta,10,1019,20,20380,2959.2
2022-03-18,558,1,Moda,638,México,5,Camiseta,120,1123,350,393050,58590.0
2023-06-08,559,1,Moda,639,USA,5,Camiseta,120,668,350,233800,41412.0
2021-06-22,560,1,Moda,638,México,5,Camiseta,120,361,20,7220,2172.0
2022-06-20,561,2,Calçados,635,Canadá,1,Botas,250,520,12,6240,3036.96
2021-10-23,562,4,Acessórios,637,França,12,Relogio,250,902,15,13530,6974.099999999999
2022-09-12,563,1,Moda,635,Canadá,15,Shorts,250,789,350,276150,26166.0
2021-04-12,564,1,Moda,639,USA,15,Shorts,250,533,350,186550,41412.0
2021-05-09,565,3,Eletrônicos,639,USA,16,Smartfone,250,750,125,93750,35805.0
2021-04-25,566,1,Moda,638,México,15,Shorts,250,566,20,11320,2959.2
2022-06-13,567,1,Moda,639,USA,15,Shorts,260,997,350,348950,11340.0
2022-01-02,568,1,Moda,637,França,15,Shorts,260,839,7,5873,2874.06
2023-04-06,569,1,Moda,635,Canadá,15,Shorts,260,729,7,5103,2296.56
2023-03-30,570,4,Acessórios,639,USA,12,Relogio,260,948,15,14220,4586.4
2022-01-13,571,1,Moda,637,França,15,Shorts,3,374,20,7480,6051.6
2023-05-22,572,2,Calçados,638,México,1,Botas,5,233,12,2796,3831.84
2021-04-02,573,1,Moda,636,Alemanha,15,Shorts,10,1051,20,21020,3674.4
2021-04-10,574,1,Moda,637,França,15,Shorts,250,109,7,763,1252.44
2023-01-05,575,1,Moda,636,Alemanha,15,Shorts,250,453,20,9060,3674.4
2022-05-12,576,2,Calçados,635,Canadá,1,Botas,260,485,12,5820,3975.84
2023-05-24,577,4,Acessórios,639,USA,12,Relogio,3,527,15,7905,5005.65
2021-12-31,578,4,Acessórios,639,USA,12,Relogio,250,1037,15,15555,5005.65
2021-04-15,579,1,Moda,635,Canadá,15,Shorts,3,156,350,54600,41996.5
2021-06-14,580,1,Moda,637,França,15,Shorts,3,679,350,237650,81445.0
2022-03-01,581,1,Moda,636,Alemanha,15,Shorts,3,1188,20,23760,1149.2
2023-01-02,582,1,Moda,639,USA,15,Shorts,5,823,350,288050,44703.75
2022-03-20,583,1,Moda,639,USA,15,Shorts,5,899,7,6293,1181.18
2023-04-12,584,2,Calçados,638,México,1,Botas,5,450,12,5400,942.24
2022-03-10,585,1,Moda,638,México,15,Shorts,5,927,20,18540,5863.0
2022-06-17,586,1,Moda,635,Canadá,15,Shorts,5,491,20,9820,3247.4
2022-02-04,587,1,Moda,639,USA,15,Shorts,10,89,7,623,1309.035
2022-05-12,588,5,Automitivos,636,Alemanha,10,Pneus,10,602,300,180600,31473.0
2022-09-09,589,1,Moda,639,USA,15,Shorts,10,524,20,10480,6866.6
2022-12-09,590,1,Moda,636,Alemanha,15,Shorts,10,555,20,11100,7040.8
2022-02-17,591,1,Moda,635,Canadá,15,Shorts,10,196,350,68600,119756.0
2021-12-07,592,3,Eletrônicos,635,Canadá,16,Smartfone,10,1040,125,130000,25723.75
2021-12-12,593,2,Calçados,638,México,1,Botas,10,635,12,7620,890.76
2021-05-18,594,1,Moda,637,França,15,Shorts,10,1193,7,8351,2453.36
2022-07-02,595,4,Acessórios,635,Canadá,12,Relogio,10,436,15,6540,3051.75
2021-11-25,596,1,Moda,635,Canadá,15,Shorts,10,22,20,440,3247.4
2022-05-12,597,1,Moda,636,Alemanha,15,Shorts,10,498,350,174300,16243.5
2021-05-19,598,2,Calçados,636,Alemanha,1,Botas,10,871,12,10452,1580.28
2021-04-02,599,4,Acessórios,637,França,12,Relogio,120,771,15,11565,7795.125
2021-10-30,600,1,Moda,635,Canadá,15,Shorts,120,817,350,285950,119756.0
2023-01-19,601,1,Moda,637,França,4,Camisa social,120,700,7,4900,1082.9
2023-01-29,602,2,Calçados,638,México,1,Botas,120,1187,12,14244,942.24
2022-01-30,603,4,Acessórios,636,Alemanha,12,Relogio,120,335,15,5025,1287.0
2021-08-12,604,2,Calçados,638,México,1,Botas,120,790,12,9480,639.6
2022-01-03,605,5,Automitivos,638,México,10,Pneus,120,249,300,74700,101595.0
2022-05-03,606,2,Calçados,636,Alemanha,1,Botas,120,403,12,4836,1580.28
2021-05-10,607,3,Eletrônicos,635,Canadá,16,Smartfone,250,81,125,10125,25723.75
2023-04-20,608,4,Acessórios,635,Canadá,12,Relogio,250,233,15,3495,3051.75
2022-11-25,609,3,Eletrônicos,635,Canadá,16,Smartfone,260,649,125,81125,26958.75
2021-06-02,610,1,Moda,637,França,4,Camisa social,260,101,7,707,1082.9
2021-05-18,611,2,Calçados,638,México,1,Botas,260,148,12,1776,639.6
2022-06-06,612,2,Calçados,636,Alemanha,1,Botas,260,509,12,6108,2761.2
2022-04-22,613,1,Moda,638,México,4,Camisa social,3,1114,20,22280,7221.2
2023-03-05,614,1,Moda,639,USA,4,Camisa social,3,590,20,11800,4880.4
2021-12-10,615,1,Moda,639,USA,4,Camisa social,3,1021,7,7147,2936.08
2022-11-14,616,1,Moda,636,Alemanha,4,Camisa social,3,242,7,1694,274.4
2022-07-16,617,1,Moda,637,França,4,Camisa social,5,1049,7,7343,287.14
2022-11-05,618,1,Moda,639,USA,4,Camisa social,5,219,7,1533,2936.08
2022-12-16,619,4,Acessórios,636,Alemanha,12,Relogio,10,190,15,2850,583.8
2021-12-09,620,1,Moda,635,Canadá,4,Camisa social,10,407,20,8140,6798.4
2021-12-31,621,4,Acessórios,639,USA,12,Relogio,10,1104,15,16560,3710.7
2022-11-09,622,2,Calçados,637,França,1,Botas,10,1000,12,12000,2340.24
2023-03-13,623,1,Moda,636,Alemanha,4,Camisa social,250,100,7,700,274.4
2023-03-05,624,2,Calçados,637,França,1,Botas,260,691,12,8292,2340.24
2022-01-06,625,2,Calçados,639,USA,1,Botas,260,405,12,4860,3385.2
2022-04-22,626,5,Automitivos,638,México,10,Pneus,3,1109,300,332700,33642.0
2021-11-12,627,3,Eletrônicos,637,França,9,Notebook,3,565,125,70625,17902.5
2022-02-15,628,5,Automitivos,635,Canadá,10,Pneus,3,898,300,269400,62832.0
2021-06-28,629,5,Automitivos,639,USA,10,Pneus,3,190,300,57000,42420.0
2021-10-09,630,4,Acessórios,636,Alemanha,2,Braceletes,3,305,15,4575,3177.3
2022-07-25,631,4,Acessórios,635,Canadá,2,Braceletes,3,979,15,14685,4830.0
2022-06-08,632,3,Eletrônicos,638,México,9,Notebook,3,187,125,23375,49367.5
2023-03-03,633,1,Moda,635,Canadá,4,Camisa social,5,942,350,329700,109147.5
2021-05-14,634,1,Moda,636,Alemanha,4,Camisa social,5,1144,350,400400,58751.0
2022-10-12,635,1,Moda,635,Canadá,4,Camisa social,5,1033,350,361550,9800.0
2022-04-24,636,1,Moda,635,Canadá,4,Camisa social,5,431,7,3017,380.24
2022-09-18,637,1,Moda,638,México,4,Camisa social,5,31,7,217,1692.46
2023-05-29,638,4,Acessórios,635,Canadá,2,Braceletes,5,42,15,630,4830.0
2021-12-11,639,1,Moda,638,México,4,Camisa social,10,1061,20,21220,728.0
2023-04-19,640,4,Acessórios,635,Canadá,2,Braceletes,10,749,15,11235,5187.0
2022-08-31,641,4,Acessórios,635,Canadá,2,Braceletes,10,1134,15,17010,3660.3
2021-04-28,642,2,Calçados,639,USA,1,Botas,10,423,12,5076,4895.52
2022-08-24,643,1,Moda,637,França,4,Camisa social,10,440,7,3080,1696.38
2022-08-08,644,1,Moda,635,Canadá,4,Camisa social,10,285,350,99750,34300.0
2021-06-15,645,2,Calçados,635,Canadá,1,Botas,10,1178,12,14136,3732.96
2021-09-28,646,1,Moda,639,USA,4,Camisa social,10,52,350,18200,57673.0
2022-05-23,647,1,Moda,637,França,4,Camisa social,10,1074,350,375900,94178.0
2021-10-21,648,3,Eletrônicos,638,México,9,Notebook,120,455,125,56875,27562.5
2021-06-18,649,1,Moda,639,USA,4,Camisa social,120,349,20,6980,1696.8000000000002
2021-11-25,650,5,Automitivos,639,USA,10,Pneus,120,532,300,159600,103320.0
2023-05-09,651,5,Automitivos,635,Canadá,10,Pneus,120,29,300,8700,11298.0
2022-08-14,652,5,Automitivos,636,Alemanha,10,Pneus,120,936,300,280800,106512.0
2021-08-05,653,1,Moda,638,México,4,Camisa social,250,1007,7,7049,2844.94
2023-01-31,654,5,Automitivos,639,USA,8,Limpa vidros,250,1062,300,318600,106722.0
2022-05-24,655,5,Automitivos,635,Canadá,8,Limpa vidros,250,1120,300,336000,11298.0
2023-04-15,656,5,Automitivos,635,Canadá,8,Limpa vidros,250,375,300,112500,62832.0
2022-11-27,657,5,Automitivos,639,USA,8,Limpa vidros,250,899,300,269700,42420.0
2023-02-25,658,1,Moda,637,França,4,Camisa social,250,345,350,120750,62769.0
2022-06-24,659,5,Automitivos,635,Canadá,8,Limpa vidros,260,102,300,30600,37296.0
2021-07-27,660,3,Eletrônicos,639,USA,9,Notebook,260,795,125,99375,49770.0
2021-08-13,661,2,Calçados,637,França,1,Botas,260,568,12,6816,4158.0
2021-06-09,662,4,Acessórios,635,Canadá,2,Braceletes,260,102,15,1530,3660.3
2022-06-09,663,2,Calçados,639,USA,1,Botas,260,1061,12,12732,4895.52
2023-03-16,664,1,Moda,637,França,4,Camisa social,260,709,7,4963,1696.38
2022-02-02,665,1,Moda,638,México,4,Camisa social,260,32,7,224,1692.46
2021-11-28,666,4,Acessórios,638,México,2,Braceletes,260,1193,15,17895,3927.0
2022-08-31,667,3,Eletrônicos,637,França,9,Notebook,3,392,125,49000,22012.5
2023-06-11,668,3,Eletrônicos,636,Alemanha,16,Smartfone,3,981,125,122625,51881.25
2023-05-10,669,3,Eletrônicos,636,Alemanha,9,Notebook,3,526,125,65750,20343.75
2021-05-30,670,5,Automitivos,638,México,8,Limpa vidros,5,762,300,228600,24570.0
2022-03-04,671,1,Moda,636,Alemanha,4,Camisa social,10,1043,20,20860,3474.0
2022-03-04,672,4,Acessórios,635,Canadá,2,Braceletes,10,599,15,8985,3631.5
2021-09-05,673,1,Moda,638,México,4,Camisa social,10,855,7,5985,2661.75
2022-10-20,674,1,Moda,638,México,4,Camisa social,10,865,350,302750,149677.5
2021-06-22,675,4,Acessórios,635,Canadá,2,Braceletes,10,445,15,6675,5757.75
2022-04-10,676,1,Moda,639,USA,4,Camisa social,10,449,20,8980,801.0
2022-10-18,677,3,Eletrônicos,636,Alemanha,9,Notebook,10,868,125,108500,20343.75
2021-10-05,678,4,Acessórios,636,Alemanha,2,Braceletes,10,122,15,1830,2643.75
2022-05-17,679,1,Moda,639,USA,4,Camisa social,10,51,350,17850,105367.5
2021-04-30,680,1,Moda,638,México,4,Camisa social,10,1015,350,355250,112927.5
2022-06-04,681,2,Calçados,639,USA,13,Sapatilha,10,1068,12,12816,1645.2
2022-10-28,682,1,Moda,637,França,4,Camisa social,10,936,20,18720,879.0
2023-03-04,683,2,Calçados,638,México,13,Sapatilha,120,1070,12,12840,900.0
2022-03-18,684,4,Acessórios,637,França,2,Braceletes,120,954,15,14310,6358.5
2022-05-10,685,3,Eletrônicos,637,França,9,Notebook,120,762,125,95250,12431.25
2021-04-14,686,5,Automitivos,639,USA,8,Limpa vidros,120,293,300,87900,115830.0
2022-05-10,687,3,Eletrônicos,639,USA,9,Notebook,120,98,125,12250,45712.5
2022-07-07,688,2,Calçados,639,USA,13,Sapatilha,120,297,12,3564,1645.2
2023-01-02,689,1,Moda,635,Canadá,4,Camisa social,250,102,20,2040,2596.5
2021-04-10,690,4,Acessórios,636,Alemanha,2,Braceletes,250,244,15,3660,1107.0
2023-05-14,691,1,Moda,639,USA,4,Camisa social,250,427,20,8540,801.0
2022-10-02,692,4,Acessórios,636,Alemanha,2,Braceletes,250,383,15,5745,2643.75
2022-11-06,693,3,Eletrônicos,635,Canadá,9,Notebook,250,370,125,46250,55387.5
2021-04-15,694,3,Eletrônicos,636,Alemanha,9,Notebook,250,205,125,25625,10350.0
2022-10-05,695,1,Moda,637,França,4,Camisa social,250,690,20,13800,879.0
2021-07-23,696,5,Automitivos,637,França,8,Limpa vidros,260,1154,300,346200,111375.0
2021-08-08,697,5,Automitivos,638,México,8,Limpa vidros,260,1158,300,347400,24570.0
2022-12-12,698,1,Moda,638,México,4,Camisa social,5,298,7,2086,1436.4
2022-10-16,699,1,Moda,635,Canadá,4,Camisa social,10,685,7,4795,759.1500000000001
2021-08-04,700,2,Calçados,639,USA,13,Sapatilha,250,423,12,5076,3250.8
2022-08-01,701,2,Calçados,635,Canadá,13,Sapatilha,3,347,12,4164,326.88
2022-03-02,702,1,Moda,636,Alemanha,15,Shorts,5,9,7,63,411.18
2022-09-13,703,2,Calçados,637,França,13,Sapatilha,5,248,12,2976,684.36
2022-05-30,704,1,Moda,637,França,15,Shorts,5,17,7,119,114.24
2023-05-31,705,1,Moda,636,Alemanha,15,Shorts,5,252,350,88200,18868.5
2022-11-30,706,3,Eletrônicos,637,França,9,Notebook,5,385,125,48125,4826.25
2023-03-16,707,3,Eletrônicos,636,Alemanha,9,Notebook,5,1134,125,141750,6397.5
2023-01-06,708,5,Automitivos,637,França,10,Pneus,10,657,300,197100,21910.5
2023-04-09,709,3,Eletrônicos,635,Canadá,9,Notebook,10,774,125,96750,6652.5
2022-05-29,710,2,Calçados,637,França,13,Sapatilha,10,96,12,1152,684.36
2022-04-06,711,5,Automitivos,636,Alemanha,10,Pneus,10,116,300,34800,6201.0
2022-12-29,712,3,Eletrônicos,636,Alemanha,9,Notebook,10,458,125,57250,5887.5
2022-01-14,713,2,Calçados,639,USA,13,Sapatilha,10,146,12,1752,493.02
2022-03-10,714,3,Eletrônicos,635,Canadá,9,Notebook,10,398,125,49750,7533.75
2022-07-09,715,4,Acessórios,636,Alemanha,12,Relogio,10,304,15,4560,875.25
2023-04-04,716,3,Eletrônicos,637,França,9,Notebook,10,231,125,28875,4826.25
2021-12-18,717,3,Eletrônicos,636,Alemanha,9,Notebook,10,844,125,105500,6397.5
2023-01-31,718,3,Eletrônicos,635,Canadá,9,Notebook,120,879,125,109875,7533.75
2022-11-25,719,5,Automitivos,639,USA,8,Limpa vidros,250,235,300,70500,25596.0
2021-04-29,720,2,Calçados,638,México,13,Sapatilha,250,220,12,2640,689.76
2022-11-09,721,3,Eletrônicos,636,Alemanha,9,Notebook,250,1199,125,149875,5887.5
2021-08-16,722,5,Automitivos,635,Canadá,8,Limpa vidros,250,515,300,154500,16866.0
2022-04-17,723,1,Moda,638,México,15,Shorts,250,1151,350,402850,17241.0
2022-08-24,724,4,Acessórios,636,Alemanha,12,Relogio,250,443,15,6645,875.25
2022-05-13,725,1,Moda,635,Canadá,4,Camisa social,3,1050,20,21000,498.6
2022-07-14,726,1,Moda,638,México,4,Camisa social,10,422,7,2954,369.6
2021-04-23,727,1,Moda,635,Canadá,4,Camisa social,120,870,20,17400,2310.3
2022-03-21,728,2,Calçados,636,Alemanha,13,Sapatilha,250,1131,12,13572,892.44
2022-06-20,729,4,Acessórios,638,México,12,Relogio,5,926,15,13890,1218.6
2023-01-27,730,4,Acessórios,638,México,12,Relogio,10,725,15,10875,1218.6
2021-12-19,731,4,Acessórios,637,França,2,Braceletes,10,351,15,5265,1356.6
2021-09-24,732,1,Moda,639,USA,4,Camisa social,120,508,20,10160,588.8
2022-05-15,733,1,Moda,635,Canadá,4,Camisa social,3,172,7,1204,798.28
2021-08-17,734,5,Automitivos,636,Alemanha,8,Limpa vidros,3,753,300,225900,24252.0
2022-06-19,735,1,Moda,639,USA,4,Camisa social,3,837,350,292950,3836.0
2022-03-26,736,4,Acessórios,635,Canadá,2,Braceletes,5,922,15,13830,1180.2
2022-12-12,737,5,Automitivos,636,Alemanha,8,Limpa vidros,5,1036,300,310800,22308.0
2022-12-05,738,1,Moda,635,Canadá,4,Camisa social,5,1050,7,7350,798.28
2022-01-28,739,5,Automitivos,636,Alemanha,8,Limpa vidros,5,625,300,187500,24252.0
2022-12-02,740,3,Eletrônicos,638,México,9,Notebook,5,804,125,100500,5690.0
2023-06-01,741,1,Moda,635,Canadá,4,Camisa social,10,592,7,4144,1190.28
2021-05-25,742,3,Eletrônicos,636,Alemanha,9,Notebook,10,37,125,4625,3975.0
2022-09-20,743,5,Automitivos,636,Alemanha,8,Limpa vidros,10,752,300,225600,16974.0
2022-04-01,744,5,Automitivos,639,USA,8,Limpa vidros,10,706,300,211800,35016.0
2022-08-06,745,1,Moda,639,USA,4,Camisa social,10,151,350,52850,48300.0
2021-07-11,746,3,Eletrônicos,637,França,9,Notebook,10,100,125,12500,14940.0
2021-12-24,747,4,Acessórios,635,Canadá,2,Braceletes,10,596,15,8940,130.8
2021-12-12,748,1,Moda,635,Canadá,4,Camisa social,10,21,20,420,1659.2
2023-03-06,749,1,Moda,639,USA,4,Camisa social,10,95,20,1900,844.8
2023-01-19,750,4,Acessórios,639,USA,2,Braceletes,10,585,15,8775,402.6
2021-06-26,751,4,Acessórios,638,México,2,Braceletes,10,1179,15,17685,908.4
2023-01-13,752,1,Moda,639,USA,4,Camisa social,10,1090,350,381500,3836.0
2022-08-13,753,3,Eletrônicos,638,México,9,Notebook,10,482,125,60250,5690.0
2021-04-21,754,2,Calçados,639,USA,13,Sapatilha,120,218,12,2616,703.2
2021-09-25,755,1,Moda,635,Canadá,4,Camisa social,120,102,20,2040,2116.8
2022-01-13,756,1,Moda,637,França,4,Camisa social,120,97,350,33950,30478.0
2021-04-26,757,2,Calçados,637,França,13,Sapatilha,250,606,12,7272,415.68
2021-04-21,758,1,Moda,639,USA,4,Camisa social,250,814,350,284900,4886.0
2023-02-21,759,1,Moda,637,França,4,Camisa social,250,272,350,95200,30478.0
2021-04-12,760,4,Acessórios,638,México,2,Braceletes,250,1151,15,17265,908.4
2021-09-03,761,1,Moda,638,México,4,Camisa social,260,647,350,226450,26110.0
2021-04-15,762,3,Eletrônicos,638,México,9,Notebook,260,445,125,55625,5370.0
2022-01-28,763,1,Moda,636,Alemanha,5,Camiseta,260,65,350,22750,26698.0
2023-02-27,764,4,Acessórios,639,USA,11,Pulseiras,260,866,15,12990,402.6
2022-10-05,765,1,Moda,635,Canadá,5,Camiseta,260,653,350,228550,24892.0
2022-08-17,766,1,Moda,636,Alemanha,5,Camiseta,5,1011,7,7077,405.65
2023-02-04,767,1,Moda,636,Alemanha,5,Camiseta,10,804,7,5628,480.2
2022-01-10,768,1,Moda,635,Canadá,5,Camiseta,10,236,7,1652,822.15
2021-07-25,769,1,Moda,638,México,5,Camiseta,10,494,7,3458,941.15
2022-02-05,770,2,Calçados,635,Canadá,13,Sapatilha,10,566,12,6792,1458.6
2022-05-11,771,2,Calçados,635,Canadá,13,Sapatilha,120,401,12,4812,1458.6
2022-10-28,772,1,Moda,638,México,5,Camiseta,250,1186,7,8302,941.15
2023-01-01,773,1,Moda,638,México,5,Camiseta,260,520,7,3640,589.05
2021-04-21,774,2,Calçados,638,México,13,Sapatilha,260,131,12,1572,673.8
2023-03-16,775,1,Moda,636,Alemanha,5,Camiseta,260,16,7,112,405.65
2022-10-01,776,2,Calçados,637,França,13,Sapatilha,3,938,12,11256,1119.0
2022-04-05,777,2,Calçados,636,Alemanha,13,Sapatilha,3,32,12,384,669.6
2022-03-04,778,1,Moda,637,França,5,Camiseta,3,550,20,11000,1563.0
2023-05-25,779,5,Automitivos,639,USA,8,Limpa vidros,3,244,300,73200,14865.0
2022-09-04,780,1,Moda,636,Alemanha,5,Camiseta,3,1059,7,7413,355.6
2021-08-18,781,4,Acessórios,638,México,11,Pulseiras,3,1157,15,17355,2093.25
2023-06-10,782,1,Moda,639,USA,5,Camiseta,3,532,7,3724,199.5
2021-05-04,783,1,Moda,637,França,5,Camiseta,3,185,7,1295,870.45
2021-05-16,784,1,Moda,637,França,5,Camiseta,5,806,350,282100,24228.75
2021-05-15,785,3,Eletrônicos,639,USA,9,Notebook,5,41,125,5125,22668.75
2023-05-06,786,1,Moda,638,México,5,Camiseta,5,1190,350,416500,12600.0
2022-11-22,787,2,Calçados,636,Alemanha,13,Sapatilha,5,133,12,1596,1405.2
2022-12-27,788,5,Automitivos,638,México,8,Limpa vidros,5,1167,300,350100,16500.0
2021-08-01,789,1,Moda,637,França,5,Camiseta,10,1042,20,20840,1303.0
2023-02-09,790,3,Eletrônicos,639,USA,9,Notebook,10,773,125,96625,18700.0
2021-09-17,791,3,Eletrônicos,637,França,9,Notebook,10,519,125,64875,14906.25
2022-08-30,792,5,Automitivos,638,México,8,Limpa vidros,10,1023,300,306900,24105.0
2021-05-30,793,1,Moda,639,USA,5,Camiseta,10,63,7,441,814.45
2021-09-01,794,5,Automitivos,639,USA,8,Limpa vidros,10,278,300,83400,14865.0
2021-11-07,795,1,Moda,639,USA,5,Camiseta,10,467,350,163450,10535.0
2022-09-08,796,4,Acessórios,637,França,11,Pulseiras,10,806,15,12090,1965.0
2023-02-26,797,1,Moda,635,Canadá,5,Camiseta,10,388,350,135800,21490.0
2022-08-04,798,1,Moda,635,Canadá,5,Camiseta,10,878,20,17560,1389.0
2022-05-04,799,3,Eletrônicos,639,USA,9,Notebook,10,404,125,50500,5381.25
2022-08-04,800,3,Eletrônicos,637,França,9,Notebook,10,950,125,118750,4400.0
2022-02-23,801,1,Moda,635,Canadá,5,Camiseta,10,637,20,12740,1802.0
2021-09-15,802,1,Moda,639,USA,5,Camiseta,10,150,20,3000,2663.0
2022-07-12,803,1,Moda,637,França,15,Shorts,10,610,7,4270,747.6
2023-05-22,804,4,Acessórios,636,Alemanha,11,Pulseiras,10,558,15,8370,1587.0
2022-05-10,805,4,Acessórios,639,USA,11,Pulseiras,120,210,15,3150,416.25
2022-09-03,806,4,Acessórios,638,México,11,Pulseiras,120,1139,15,17085,2145.75
2023-05-09,807,3,Eletrônicos,636,Alemanha,6,Desktop,120,908,125,113500,5043.75
2021-12-18,808,1,Moda,639,USA,15,Shorts,120,182,350,63700,10535.0
2021-10-20,809,1,Moda,639,USA,15,Shorts,120,1030,20,20600,2832.0
2022-11-22,810,1,Moda,637,França,15,Shorts,120,956,20,19120,1579.0
2022-10-09,811,3,Eletrônicos,639,USA,6,Desktop,120,102,125,12750,5381.25
2021-04-15,812,3,Eletrônicos,637,França,6,Desktop,120,201,125,25125,4400.0
2023-04-11,813,1,Moda,637,França,15,Shorts,120,601,20,12020,1033.0
2023-03-22,814,5,Automitivos,636,Alemanha,8,Limpa vidros,120,130,300,39000,18750.0
2021-06-12,815,1,Moda,635,Canadá,15,Shorts,250,886,20,17720,1389.0
2021-12-11,816,1,Moda,639,USA,15,Shorts,250,211,20,4220,1265.0
2023-02-13,817,1,Moda,636,Alemanha,15,Shorts,250,310,20,6200,2297.0
2023-03-13,818,1,Moda,639,USA,15,Shorts,250,832,20,16640,2663.0
2022-12-30,819,1,Moda,639,USA,15,Shorts,250,1020,7,7140,199.5
2023-04-02,820,1,Moda,637,França,15,Shorts,250,247,7,1729,870.45
2023-02-26,821,1,Moda,636,Alemanha,15,Shorts,260,608,350,212800,23625.0
2022-02-27,822,1,Moda,635,Canadá,15,Shorts,260,584,350,204400,9660.0
2021-07-15,823,1,Moda,635,Canadá,15,Shorts,260,913,350,319550,21490.0
2022-08-04,824,5,Automitivos,636,Alemanha,8,Limpa vidros,260,1065,300,319500,18750.0
2022-06-30,825,4,Acessórios,637,França,11,Pulseiras,10,1091,15,16365,3420.8999999999996
2022-07-04,826,1,Moda,639,USA,15,Shorts,3,269,20,5380,1341.0
2023-01-11,827,4,Acessórios,635,Canadá,11,Pulseiras,3,1185,15,17775,2559.6
2022-10-12,828,2,Calçados,638,México,13,Sapatilha,3,104,12,1248,404.64
2022-09-13,829,2,Calçados,635,Canadá,13,Sapatilha,3,1052,12,12624,1655.28
2022-02-27,830,4,Acessórios,639,USA,12,Relogio,3,109,15,1635,1827.0
2023-03-15,831,1,Moda,639,USA,15,Shorts,3,1061,7,7427,110.46
2023-06-12,832,3,Eletrônicos,636,Alemanha,6,Desktop,3,931,125,116375,6652.5
2022-10-14,833,1,Moda,638,México,15,Shorts,5,447,350,156450,20580.0
2022-03-25,834,1,Moda,636,Alemanha,15,Shorts,5,493,350,172550,30660.0
2022-05-31,835,1,Moda,637,França,15,Shorts,5,1115,7,7805,589.26
2021-10-14,836,2,Calçados,639,USA,13,Sapatilha,5,464,12,5568,1960.56
2022-02-10,837,1,Moda,637,França,15,Shorts,10,352,350,123200,31416.0
2022-01-13,838,2,Calçados,635,Canadá,13,Sapatilha,10,226,12,2712,1655.28
2023-05-16,839,1,Moda,639,USA,15,Shorts,10,37,350,12950,15267.0
2022-08-01,840,3,Eletrônicos,635,Canadá,6,Desktop,120,161,125,20125,7140.0
2022-11-17,841,3,Eletrônicos,639,USA,6,Desktop,120,183,125,22875,20662.5
2021-06-05,842,4,Acessórios,636,Alemanha,12,Relogio,120,1187,15,17805,1377.0
2022-10-28,843,1,Moda,637,França,15,Shorts,120,769,350,269150,31416.0
2021-09-08,844,1,Moda,638,México,15,Shorts,120,234,7,1638,629.16
2021-06-15,845,5,Automitivos,637,França,8,Limpa vidros,120,720,300,216000,21978.0
2021-10-12,846,1,Moda,637,França,15,Shorts,120,269,350,94150,43596.0
2022-04-15,847,4,Acessórios,635,Canadá,12,Relogio,250,728,15,10920,2559.6
2021-10-21,848,1,Moda,638,México,15,Shorts,250,323,7,2261,629.16
2022-01-17,849,5,Automitivos,637,França,7,Farois,250,363,300,108900,21978.0
2023-05-09,850,1,Moda,638,México,15,Shorts,250,1022,20,20440,1347.6
2022-05-11,851,5,Automitivos,635,Canadá,7,Farois,250,119,300,35700,43848.0
2022-05-12,852,3,Eletrônicos,637,França,6,Desktop,260,13,125,1625,14906.25
2021-06-25,853,1,Moda,638,México,15,Shorts,260,16,350,5600,35259.0
2022-03-10,854,1,Moda,639,USA,15,Shorts,260,1007,350,352450,15267.0
2022-11-11,855,1,Moda,637,França,15,Shorts,260,1156,7,8092,589.26
2021-08-30,856,1,Moda,637,França,15,Shorts,260,807,350,282450,43596.0
2022-09-02,857,1,Moda,637,França,4,Camisa social,5,536,20,10720,2108.4
2022-12-14,858,4,Acessórios,639,USA,12,Relogio,10,937,15,14055,1978.2
2022-02-16,859,4,Acessórios,636,Alemanha,12,Relogio,10,665,15,9975,1568.7
2022-07-29,860,4,Acessórios,639,USA,12,Relogio,10,997,15,14955,1037.7
2023-01-18,861,1,Moda,637,França,4,Camisa social,10,690,20,13800,2108.4
2021-06-02,862,1,Moda,636,Alemanha,4,Camisa social,120,140,20,2800,1201.2
2021-11-10,863,1,Moda,638,México,4,Camisa social,120,203,7,1421,559.86
2023-04-14,864,4,Acessórios,639,USA,11,Pulseiras,250,461,15,6915,1037.7
2021-11-24,865,2,Calçados,638,México,13,Sapatilha,3,951,12,11412,610.68
2022-07-06,866,2,Calçados,635,Canadá,14,Sapato social,3,755,12,9060,1582.56
2022-03-11,867,1,Moda,638,México,4,Camisa social,3,767,20,15340,2567.6
2022-09-03,868,2,Calçados,638,México,14,Sapato social,5,1125,12,13500,1965.6
2022-12-16,869,2,Calçados,637,França,14,Sapato social,5,999,12,11988,1967.28
2022-10-15,870,1,Moda,637,França,4,Camisa social,10,485,7,3395,505.19
2022-12-12,871,4,Acessórios,635,Canadá,11,Pulseiras,120,906,15,13590,1325.1
2022-06-23,872,1,Moda,635,Canadá,4,Camisa social,120,750,7,5250,556.15
2021-08-02,873,1,Moda,639,USA,4,Camisa social,120,1079,7,7553,268.03
2022-10-20,874,1,Moda,635,Canadá,4,Camisa social,120,94,7,658,775.18
2022-07-16,875,2,Calçados,637,França,14,Sapato social,250,69,12,828,1460.34
2021-10-21,876,2,Calçados,636,Alemanha,14,Sapato social,250,433,12,5196,1860.6
2023-06-01,877,1,Moda,635,Canadá,4,Camisa social,250,9,7,63,775.18
2021-12-06,878,1,Moda,635,Canadá,4,Camisa social,260,335,7,2345,556.15
2021-05-23,879,1,Moda,639,USA,4,Camisa social,3,135,350,47250,43144.5
2021-05-04,880,5,Automitivos,637,França,7,Farois,3,125,300,37500,9408.0
2021-08-19,881,5,Automitivos,637,França,7,Farois,3,970,300,291000,45801.0
2022-10-28,882,1,Moda,637,França,4,Camisa social,5,634,20,12680,2766.4
2021-10-31,883,5,Automitivos,637,França,7,Farois,5,721,300,216300,45801.0
2022-10-05,884,3,Eletrônicos,636,Alemanha,6,Desktop,5,683,125,85375,21875.0
2021-04-22,885,5,Automitivos,635,Canadá,7,Farois,10,273,300,81900,35742.0
2023-01-26,886,5,Automitivos,637,França,7,Farois,10,55,300,16500,9408.0
2021-06-03,887,3,Eletrônicos,636,Alemanha,6,Desktop,10,396,125,49500,30738.75
2021-04-21,888,4,Acessórios,637,França,11,Pulseiras,10,743,15,11145,2206.05
2022-10-22,889,4,Acessórios,639,USA,11,Pulseiras,10,321,15,4815,3077.55
2023-02-27,890,1,Moda,637,França,4,Camisa social,10,923,20,18460,2149.0
2022-11-20,891,5,Automitivos,636,Alemanha,10,Pneus,10,884,300,265200,23583.0
2021-08-19,892,5,Automitivos,635,Canadá,10,Pneus,10,126,300,37800,29484.0
2023-03-26,893,2,Calçados,638,México,14,Sapato social,10,236,12,2832,2320.92
2022-01-31,894,1,Moda,636,Alemanha,4,Camisa social,10,76,7,532,1041.25
2022-05-15,895,5,Automitivos,637,França,10,Pneus,120,464,300,139200,34839.0
2022-04-27,896,1,Moda,638,México,4,Camisa social,120,175,20,3500,852.6
2022-07-14,897,3,Eletrônicos,636,Alemanha,6,Desktop,120,699,125,87375,18261.25
2021-08-29,898,1,Moda,637,França,4,Camisa social,120,1051,20,21020,2766.4
2023-04-09,899,1,Moda,639,USA,4,Camisa social,120,1044,20,20880,1989.4
2021-05-27,900,5,Automitivos,639,USA,10,Pneus,120,190,300,57000,28812.0
2022-12-17,901,1,Moda,636,Alemanha,4,Camisa social,120,740,20,14800,823.2
2021-11-03,902,2,Calçados,635,Canadá,14,Sapato social,250,891,12,10692,2725.38
2023-03-14,903,5,Automitivos,637,França,10,Pneus,250,490,300,147000,20139.0
2022-08-19,904,5,Automitivos,638,México,10,Pneus,250,318,300,95400,57687.0
2021-10-07,905,3,Eletrônicos,635,Canadá,6,Desktop,260,587,125,73375,14393.75
2022-06-29,906,1,Moda,637,França,4,Camisa social,260,379,350,132650,70462.0
2021-06-06,907,3,Eletrônicos,636,Alemanha,6,Desktop,260,164,125,20500,8697.5
2023-05-20,908,1,Moda,635,Canadá,4,Camisa social,260,60,20,1200,1565.2
2023-01-19,909,5,Automitivos,639,USA,10,Pneus,260,406,300,121800,28812.0
2023-06-11,910,1,Moda,635,Canadá,4,Camisa social,5,30,7,210,273.28
2022-01-02,911,1,Moda,639,USA,4,Camisa social,5,258,20,5160,2051.2
2022-09-20,912,1,Moda,635,Canadá,4,Camisa social,10,686,7,4802,143.92
2022-08-15,913,1,Moda,639,USA,4,Camisa social,260,1077,20,21540,2051.2
2023-02-13,914,3,Eletrônicos,638,México,6,Desktop,3,999,125,124875,15400.0
2022-04-06,915,4,Acessórios,637,França,11,Pulseiras,3,823,15,12345,588.0
2021-11-04,916,1,Moda,638,México,4,Camisa social,3,1011,350,353850,38136.0
2021-09-29,917,4,Acessórios,637,França,11,Pulseiras,5,1171,15,17565,3001.2
2022-06-17,918,1,Moda,635,Canadá,3,Calça social,5,647,20,12940,1132.8
2023-05-14,919,1,Moda,636,Alemanha,3,Calça social,5,1116,20,22320,1032.0
2021-06-19,920,5,Automitivos,637,França,10,Pneus,5,17,300,5100,37488.0
2023-05-04,921,5,Automitivos,635,Canadá,8,Limpa vidros,5,419,300,125700,30792.0
2022-02-12,922,4,Acessórios,636,Alemanha,11,Pulseiras,5,368,15,5520,853.2
2022-10-30,923,3,Eletrônicos,638,México,6,Desktop,10,899,125,112375,11140.0
2021-06-24,924,1,Moda,636,Alemanha,3,Calça social,10,900,7,6300,705.04
2022-08-11,925,1,Moda,636,Alemanha,3,Calça social,10,802,7,5614,613.2
2022-03-15,926,1,Moda,636,Alemanha,3,Calça social,10,761,20,15220,2185.6
2021-07-07,927,5,Automitivos,638,México,8,Limpa vidros,10,346,300,103800,59040.0
2022-10-08,928,1,Moda,639,USA,3,Calça social,10,240,7,1680,379.68
2022-11-29,929,1,Moda,636,Alemanha,3,Calça social,10,517,7,3619,894.88
2022-02-11,930,1,Moda,636,Alemanha,3,Calça social,10,498,7,3486,1349.04
2022-04-25,931,1,Moda,636,Alemanha,3,Calça social,10,133,20,2660,3094.4
2021-08-21,932,1,Moda,638,México,3,Calça social,10,1091,20,21820,4788.8
2021-06-29,933,1,Moda,636,Alemanha,3,Calça social,10,163,350,57050,60088.0
2022-10-07,934,1,Moda,638,México,3,Calça social,10,811,7,5677,1089.76
2022-09-02,935,1,Moda,638,México,3,Calça social,10,255,350,89250,38136.0
2022-08-07,936,2,Calçados,635,Canadá,14,Sapato social,120,985,12,11820,574.08
2022-02-24,937,1,Moda,639,USA,3,Calça social,120,959,7,6713,1627.92
2022-06-11,938,1,Moda,636,Alemanha,3,Calça social,120,255,7,1785,1309.28
2021-09-25,939,5,Automitivos,637,França,8,Limpa vidros,120,868,300,260400,9264.0
2022-12-08,940,5,Automitivos,638,México,8,Limpa vidros,120,306,300,91800,15240.0
2022-03-13,941,1,Moda,637,França,3,Calça social,250,377,350,131950,16086.0
2021-07-28,942,1,Moda,636,Alemanha,3,Calça social,250,1069,7,7483,1309.28
2021-04-26,943,1,Moda,637,França,3,Calça social,250,318,350,111300,10668.0
2022-11-02,944,1,Moda,636,Alemanha,3,Calça social,250,130,350,45500,11816.0
2023-01-24,945,5,Automitivos,635,Canadá,8,Limpa vidros,250,938,300,281400,51216.0
2021-04-06,946,5,Automitivos,639,USA,8,Limpa vidros,250,293,300,87900,19392.0
2023-05-16,947,1,Moda,635,Canadá,3,Calça social,260,734,20,14680,1132.8
2021-06-19,948,1,Moda,639,USA,3,Calça social,260,660,7,4620,1627.92
2022-12-01,949,1,Moda,636,Alemanha,3,Calça social,260,33,20,660,2185.6
2021-09-22,950,5,Automitivos,638,México,8,Limpa vidros,260,942,300,282600,59040.0
2022-08-23,951,1,Moda,636,Alemanha,3,Calça social,260,1051,20,21020,2432.0
2023-05-25,952,4,Acessórios,636,Alemanha,11,Pulseiras,260,166,15,2490,853.2
2022-11-07,953,2,Calçados,638,México,14,Sapato social,260,208,12,2496,1320.0
2021-05-27,954,5,Automitivos,638,México,8,Limpa vidros,260,187,300,56100,15240.0
2021-11-13,955,1,Moda,639,USA,3,Calça social,250,646,20,12920,698.4000000000001
2021-12-02,956,5,Automitivos,635,Canadá,8,Limpa vidros,3,555,300,166500,29538.0
2021-08-07,957,2,Calçados,638,México,14,Sapato social,3,236,12,2832,396.36
2023-04-08,958,5,Automitivos,635,Canadá,8,Limpa vidros,5,35,300,10500,102667.5
2022-12-11,959,1,Moda,637,França,3,Calça social,5,951,350,332850,52479.0
2022-04-01,960,5,Automitivos,637,França,8,Limpa vidros,5,847,300,254100,8694.0
2023-03-20,961,2,Calçados,635,Canadá,14,Sapato social,5,826,12,9912,2506.68
2021-11-25,962,3,Eletrônicos,637,França,6,Desktop,5,1121,125,140125,20891.25
2023-03-04,963,1,Moda,635,Canadá,3,Calça social,5,410,7,2870,1014.93
2021-08-15,964,3,Eletrônicos,639,USA,6,Desktop,5,1029,125,128625,31466.25
2022-02-17,965,5,Automitivos,636,Alemanha,8,Limpa vidros,5,1171,300,351300,9018.0
2022-01-13,966,5,Automitivos,638,México,8,Limpa vidros,10,267,300,80100,69255.0
2022-02-17,967,1,Moda,638,México,3,Calça social,10,704,350,246400,76135.5
2022-03-15,968,4,Acessórios,639,USA,11,Pulseiras,10,419,15,6285,4961.25
2022-11-07,969,5,Automitivos,635,Canadá,8,Limpa vidros,10,514,300,154200,29538.0
2021-06-22,970,4,Acessórios,637,França,11,Pulseiras,10,379,15,5685,1656.45
2022-12-27,971,2,Calçados,638,México,14,Sapato social,10,626,12,7512,396.36
2022-07-04,972,5,Automitivos,637,França,8,Limpa vidros,10,189,300,56700,35748.0
2023-02-10,973,2,Calçados,636,Alemanha,14,Sapato social,10,229,12,2748,1917.0
2022-10-20,974,3,Eletrônicos,639,USA,6,Desktop,10,677,125,84625,31466.25
2022-06-02,975,4,Acessórios,638,México,11,Pulseiras,120,222,15,3330,330.75
2022-03-23,976,5,Automitivos,635,Canadá,8,Limpa vidros,120,521,300,156300,102424.5
2021-10-30,977,1,Moda,636,Alemanha,3,Calça social,120,909,350,318150,41170.5
2023-05-30,978,3,Eletrônicos,635,Canadá,6,Desktop,120,70,125,8750,6378.75
2021-12-18,979,3,Eletrônicos,638,México,6,Desktop,120,364,125,45500,23737.5
2022-07-05,980,1,Moda,635,Canadá,3,Calça social,120,142,350,49700,39973.5
2022-11-16,981,2,Calçados,639,USA,14,Sapato social,250,35,12,420,2112.48
2022-06-25,982,5,Automitivos,636,Alemanha,10,Pneus,250,337,300,101100,71793.0
2023-05-21,983,1,Moda,639,USA,3,Calça social,250,903,350,316050,42572.25
2021-05-03,984,2,Calçados,636,Alemanha,14,Sapato social,250,109,12,1308,950.4
2021-07-08,985,5,Automitivos,639,USA,10,Pneus,250,605,300,181500,50409.0
2022-03-16,986,2,Calçados,637,França,14,Sapato social,250,378,12,4536,2412.72
2022-10-06,987,4,Acessórios,637,França,2,Braceletes,250,198,15,2970,1656.45
2022-06-16,988,3,Eletrônicos,638,México,6,Desktop,250,824,125,103000,9866.25
2021-09-24,989,1,Moda,639,USA,3,Calça social,260,1040,350,364000,65236.5
2022-11-22,990,1,Moda,635,Canadá,3,Calça social,260,548,350,191800,39973.5
2021-08-30,991,4,Acessórios,636,Alemanha,2,Braceletes,260,106,15,1590,1309.5
2023-01-20,992,1,Moda,638,México,3,Calça social,260,580,20,11600,3049.2
2022-01-29,993,1,Moda,636,Alemanha,3,Calça social,3,764,20,15280,1193.4
2021-12-02,994,1,Moda,635,Canadá,3,Calça social,3,111,7,777,515.97
2022-09-03,995,2,Calçados,636,Alemanha,14,Sapato social,3,1077,12,12924,1706.4
2023-03-06,996,1,Moda,638,México,3,Calça social,3,252,7,1764,328.23
2021-04-24,997,1,Moda,639,USA,3,Calça social,10,71,20,1420,1751.4
2021-12-21,998,1,Moda,638,México,3,Calça social,10,828,20,16560,1868.4
2022-05-11,999,1,Moda,636,Alemanha,3,Calça social,10,86,7,602,226.8
2021-07-02,1000,2,Calçados,637,França,14,Sapato social,120,230,12,2760,2124.36
2022-03-13,1001,4,Acessórios,638,México,2,Braceletes,120,973,15,14595,3547.8
2022-11-26,1002,1,Moda,636,Alemanha,3,Calça social,250,362,7,2534,226.8
2021-11-09,1003,1,Moda,637,França,3,Calça social,250,597,20,11940,4827.6
2022-10-29,1004,1,Moda,638,México,3,Calça social,250,385,7,2695,328.23
2022-06-01,1005,1,Moda,638,México,3,Calça social,260,1072,20,21440,1868.4
2022-12-25,1006,4,Acessórios,635,Canadá,2,Braceletes,260,728,15,10920,2201.175
2021-07-14,1007,2,Calçados,637,França,14,Sapato social,260,541,12,6492,330.48
2022-01-02,1008,2,Calçados,639,USA,14,Sapato social,3,725,12,8700,463.2
2022-06-11,1009,1,Moda,639,USA,3,Calça social,5,790,7,5530,1629.6
2021-11-26,1010,2,Calçados,639,USA,14,Sapato social,10,421,12,5052,463.2
2022-04-16,1011,3,Eletrônicos,639,USA,6,Desktop,3,692,125,86500,43068.75
2023-05-22,1012,3,Eletrônicos,637,França,6,Desktop,3,1170,125,146250,18525.0
2023-05-22,1013,1,Moda,639,USA,3,Calça social,5,1040,350,364000,80955.0
2022-10-26,1014,3,Eletrônicos,639,USA,6,Desktop,5,291,125,36375,22550.0
2022-12-15,1015,4,Acessórios,637,França,2,Braceletes,5,32,15,480,3108.0
2021-11-11,1016,1,Moda,637,França,3,Calça social,10,487,20,9740,3908.0
2022-05-01,1017,5,Automitivos,638,México,10,Pneus,10,1171,300,351300,17730.0
2023-05-01,1018,4,Acessórios,637,França,2,Braceletes,10,1185,15,17775,3250.5
2021-08-27,1019,1,Moda,636,Alemanha,3,Calça social,10,143,20,2860,482.0
2022-02-04,1020,4,Acessórios,636,Alemanha,2,Braceletes,120,102,15,1530,1021.5
2023-05-24,1021,4,Acessórios,636,Alemanha,2,Braceletes,120,699,15,10485,765.0
2021-10-22,1022,4,Acessórios,639,USA,2,Braceletes,120,668,15,10020,1185.0
2022-12-28,1023,1,Moda,637,França,3,Calça social,120,1200,350,420000,22365.0
2022-05-08,1024,3,Eletrônicos,639,USA,6,Desktop,120,1141,125,142625,19950.0
2021-11-16,1025,5,Automitivos,639,USA,10,Pneus,120,1033,300,309900,68820.0
2023-03-22,1026,1,Moda,636,Alemanha,3,Calça social,120,963,20,19260,482.0
2022-08-19,1027,1,Moda,636,Alemanha,3,Calça social,120,707,7,4949,1865.5
2021-05-12,1028,3,Eletrônicos,635,Canadá,6,Desktop,120,946,125,118250,23950.0
2023-04-01,1029,5,Automitivos,637,França,10,Pneus,120,366,300,109800,25590.0
2022-09-09,1030,3,Eletrônicos,638,México,6,Desktop,250,200,125,25000,4262.5
2022-04-15,1031,4,Acessórios,638,México,2,Braceletes,250,70,15,1050,961.5
2022-06-20,1032,1,Moda,639,USA,5,Camiseta,250,958,350,335300,98245.0
2021-09-22,1033,5,Automitivos,638,México,10,Pneus,250,262,300,78600,12960.0
2023-04-20,1034,5,Automitivos,639,USA,10,Pneus,250,732,300,219600,68820.0
2021-05-25,1035,4,Acessórios,637,França,2,Braceletes,250,772,15,11580,3250.5
2021-06-10,1036,3,Eletrônicos,635,Canadá,6,Desktop,250,500,125,62500,31612.5
2021-04-24,1037,1,Moda,636,Alemanha,5,Camiseta,250,584,350,204400,65450.0
2023-06-04,1038,3,Eletrônicos,639,USA,6,Desktop,260,61,125,7625,7237.5
2021-10-21,1039,1,Moda,635,Canadá,5,Camiseta,260,597,350,208950,78400.0
2021-08-28,1040,5,Automitivos,639,USA,10,Pneus,260,403,300,120900,89790.0
2022-02-04,1041,2,Calçados,635,Canadá,14,Sapato social,260,875,12,10500,4224.6
2021-12-21,1042,1,Moda,638,México,5,Camiseta,260,618,20,12360,4078.0
2023-01-16,1043,2,Calçados,636,Alemanha,14,Sapato social,260,1078,12,12936,3088.8
2023-02-22,1044,1,Moda,635,Canadá,5,Camiseta,260,622,350,217700,24745.0
2021-10-02,1045,4,Acessórios,637,França,2,Braceletes,260,187,15,2805,3108.0
2021-12-20,1046,5,Automitivos,637,França,10,Pneus,260,773,300,231900,25590.0
2022-08-30,1047,2,Calçados,637,França,14,Sapato social,3,635,12,7620,1581.36
2023-02-17,1048,1,Moda,637,França,5,Camiseta,10,887,7,6209,1949.6399999999999
2021-10-18,1049,2,Calçados,637,França,14,Sapato social,10,492,12,5904,1581.36
2021-06-04,1050,4,Acessórios,635,Canadá,2,Braceletes,120,1098,15,16470,633.5999999999999
2021-10-12,1051,2,Calçados,636,Alemanha,14,Sapato social,120,309,12,3708,623.04
2021-10-19,1052,1,Moda,639,USA,5,Camiseta,250,528,7,3696,1215.83
2021-11-21,1053,2,Calçados,638,México,14,Sapato social,250,836,12,10032,1326.6
2022-06-13,1054,4,Acessórios,639,USA,2,Braceletes,260,301,15,4515,5279.174999999999
2023-05-30,1055,2,Calçados,636,Alemanha,14,Sapato social,260,486,12,5832,623.04
2022-03-15,1056,2,Calçados,635,Canadá,1,Botas,3,42,12,504,2556.84
2021-12-14,1057,1,Moda,636,Alemanha,5,Camiseta,3,1069,350,374150,30492.0
2022-11-11,1058,5,Automitivos,636,Alemanha,10,Pneus,3,429,300,128700,92763.0
2021-12-08,1059,3,Eletrônicos,637,França,6,Desktop,3,300,125,37500,33563.75
2023-03-09,1060,4,Acessórios,635,Canadá,2,Braceletes,3,826,15,12390,2574.0
2021-08-01,1061,1,Moda,638,México,5,Camiseta,3,73,7,511,2083.62
2022-05-08,1062,1,Moda,636,Alemanha,5,Camiseta,5,803,350,281050,29491.0
2022-07-18,1063,1,Moda,636,Alemanha,5,Camiseta,5,1192,20,23840,6582.4
2022-02-24,1064,4,Acessórios,638,México,2,Braceletes,5,798,15,11970,3559.05
2022-02-14,1065,5,Automitivos,635,Canadá,10,Pneus,10,993,300,297900,28809.0
2023-02-09,1066,1,Moda,638,México,5,Camiseta,10,255,20,5100,2468.4
2021-07-09,1067,1,Moda,635,Canadá,5,Camiseta,10,52,350,18200,81023.25
2021-10-14,1068,2,Calçados,635,Canadá,1,Botas,10,641,12,7692,5314.32
2022-06-11,1069,2,Calçados,637,França,1,Botas,10,204,12,2448,3201.66
2021-10-13,1070,1,Moda,635,Canadá,5,Camiseta,10,644,20,12880,5266.8
2021-06-26,1071,4,Acessórios,638,México,2,Braceletes,10,651,15,9765,3273.6
2022-03-09,1072,3,Eletrônicos,637,França,6,Desktop,10,439,125,54875,33563.75
2023-02-24,1073,1,Moda,636,Alemanha,5,Camiseta,10,968,20,19360,6582.4
2022-11-27,1074,5,Automitivos,635,Canadá,10,Pneus,10,338,300,101400,45078.0
2022-02-12,1075,1,Moda,637,França,5,Camiseta,120,382,20,7640,6171.0
2022-02-23,1076,4,Acessórios,638,México,2,Braceletes,120,1149,15,17235,1080.75
2022-12-15,1077,1,Moda,638,México,5,Camiseta,120,182,350,63700,13244.0
2022-09-26,1078,1,Moda,635,Canadá,5,Camiseta,120,1040,7,7280,1392.16
2022-01-14,1079,2,Calçados,637,França,1,Botas,250,972,12,11664,2288.88
2023-01-19,1080,3,Eletrônicos,638,México,6,Desktop,250,70,125,8750,7617.5
2022-09-24,1081,1,Moda,635,Canadá,5,Camiseta,250,720,20,14400,6457.0
2022-12-20,1082,3,Eletrônicos,636,Alemanha,16,Smartfone,260,32,125,4000,43518.75
2023-03-04,1083,1,Moda,638,México,5,Camiseta,260,1027,20,20540,5783.8
2022-02-04,1084,3,Eletrônicos,637,França,16,Smartfone,260,701,125,87625,19703.75
2022-07-29,1085,3,Eletrônicos,638,México,16,Smartfone,260,457,125,57125,13021.25
2022-11-10,1086,1,Moda,638,México,5,Camiseta,260,875,350,306250,13244.0
2023-06-09,1087,4,Acessórios,638,México,2,Braceletes,260,1128,15,16920,3559.05
2021-04-24,1088,1,Moda,639,USA,5,Camiseta,10,96,7,672,292.6
2023-02-01,1089,1,Moda,638,México,5,Camiseta,3,974,350,340900,37212.0
2022-04-13,1090,3,Eletrônicos,635,Canadá,16,Smartfone,3,25,125,3125,36240.0
2023-03-24,1091,3,Eletrônicos,638,México,16,Smartfone,3,1091,125,136375,32340.0
2022-07-11,1092,4,Acessórios,635,Canadá,12,Relogio,3,658,15,9870,4840.2
2022-02-26,1093,4,Acessórios,639,USA,12,Relogio,5,630,15,9450,1218.6
2022-05-27,1094,5,Automitivos,637,França,10,Pneus,5,170,300,51000,63828.0
2023-04-16,1095,1,Moda,638,México,5,Camiseta,5,1120,7,7840,2032.8
2021-04-18,1096,1,Moda,635,Canadá,5,Camiseta,5,1058,7,7406,2296.56
2021-11-01,1097,1,Moda,638,México,5,Camiseta,5,670,20,13400,4116.0
2022-02-03,1098,5,Automitivos,637,França,10,Pneus,5,103,300,30900,42696.0
2023-02-19,1099,5,Automitivos,639,USA,10,Pneus,10,634,300,190200,125820.0
2022-08-17,1100,1,Moda,638,México,5,Camiseta,10,893,350,312550,37212.0
2021-08-25,1101,3,Eletrônicos,638,México,16,Smartfone,10,532,125,66500,32340.0
2021-06-26,1102,1,Moda,638,México,5,Camiseta,10,195,20,3900,2172.0
2022-02-08,1103,1,Moda,638,México,5,Camiseta,10,113,20,2260,4116.0
2021-09-08,1104,1,Moda,637,França,5,Camiseta,10,530,350,185500,66948.0
2022-06-11,1105,5,Automitivos,636,Alemanha,10,Pneus,10,846,300,253800,48924.0
2023-05-19,1106,5,Automitivos,638,México,10,Pneus,10,891,300,267300,77400.0
2022-10-09,1107,1,Moda,638,México,5,Camiseta,10,26,350,9100,50274.0
2022-01-13,1108,4,Acessórios,638,México,12,Relogio,10,732,15,10980,684.0
2021-04-09,1109,1,Moda,638,México,5,Camiseta,10,151,20,3020,2959.2
2022-03-18,1110,1,Moda,638,México,5,Camiseta,120,169,350,59150,58590.0
2023-06-08,1111,1,Moda,639,USA,5,Camiseta,120,1160,350,406000,41412.0
2021-06-22,1112,1,Moda,638,México,5,Camiseta,120,713,20,14260,2172.0
2022-06-20,1113,2,Calçados,635,Canadá,1,Botas,250,81,12,972,3036.96
2021-10-23,1114,4,Acessórios,637,França,12,Relogio,250,253,15,3795,6974.099999999999
2022-09-12,1115,1,Moda,635,Canadá,15,Shorts,250,1172,350,410200,26166.0
2021-04-12,1116,1,Moda,639,USA,15,Shorts,250,179,350,62650,41412.0
2021-05-09,1117,3,Eletrônicos,639,USA,16,Smartfone,250,674,125,84250,35805.0
2021-04-25,1118,1,Moda,638,México,15,Shorts,250,474,20,9480,2959.2
2022-06-13,1119,1,Moda,639,USA,15,Shorts,260,621,350,217350,11340.0
2022-01-02,1120,1,Moda,637,França,15,Shorts,260,1020,7,7140,2874.06
2023-04-06,1121,1,Moda,635,Canadá,15,Shorts,260,887,7,6209,2296.56
2023-03-30,1122,4,Acessórios,639,USA,12,Relogio,260,95,15,1425,4586.4
2022-01-13,1123,1,Moda,637,França,15,Shorts,3,150,20,3000,6051.6
2023-05-22,1124,2,Calçados,638,México,1,Botas,5,456,12,5472,3831.84
2021-04-02,1125,1,Moda,636,Alemanha,15,Shorts,10,119,20,2380,3674.4
2021-04-10,1126,1,Moda,637,França,15,Shorts,250,333,7,2331,1252.44
2023-01-05,1127,1,Moda,636,Alemanha,15,Shorts,250,727,20,14540,3674.4
2022-05-12,1128,2,Calçados,635,Canadá,1,Botas,260,675,12,8100,3975.84
2023-05-24,1129,4,Acessórios,639,USA,12,Relogio,3,642,15,9630,5005.65
2021-12-31,1130,4,Acessórios,639,USA,12,Relogio,250,350,15,5250,5005.65
2021-04-15,1131,1,Moda,635,Canadá,15,Shorts,3,1096,350,383600,41996.5
2021-06-14,1132,1,Moda,637,França,15,Shorts,3,635,350,222250,81445.0
2022-03-01,1133,1,Moda,636,Alemanha,15,Shorts,3,339,20,6780,1149.2
2023-01-02,1134,1,Moda,639,USA,15,Shorts,5,43,350,15050,44703.75
2022-03-20,1135,1,Moda,639,USA,15,Shorts,5,630,7,4410,1181.18
2023-04-12,1136,2,Calçados,638,México,1,Botas,5,745,12,8940,942.24
2022-03-10,1137,1,Moda,638,México,15,Shorts,5,360,20,7200,5863.0
2022-06-17,1138,1,Moda,635,Canadá,15,Shorts,5,597,20,11940,3247.4
2022-02-04,1139,1,Moda,639,USA,15,Shorts,10,5,7,35,1309.035
2022-05-12,1140,5,Automitivos,636,Alemanha,10,Pneus,10,1169,300,350700,31473.0
2022-09-09,1141,1,Moda,639,USA,15,Shorts,10,201,20,4020,6866.6
2022-12-09,1142,1,Moda,636,Alemanha,15,Shorts,10,950,20,19000,7040.8
2022-02-17,1143,1,Moda,635,Canadá,15,Shorts,10,383,350,134050,119756.0
2021-12-07,1144,3,Eletrônicos,635,Canadá,16,Smartfone,10,328,125,41000,25723.75
2021-12-12,1145,2,Calçados,638,México,1,Botas,10,906,12,10872,890.76
2021-05-18,1146,1,Moda,637,França,15,Shorts,10,1174,7,8218,2453.36
2022-07-02,1147,4,Acessórios,635,Canadá,12,Relogio,10,372,15,5580,3051.75
2021-11-25,1148,1,Moda,635,Canadá,15,Shorts,10,677,20,13540,3247.4
2022-05-12,1149,1,Moda,636,Alemanha,15,Shorts,10,471,350,164850,16243.5
2021-05-19,1150,2,Calçados,636,Alemanha,1,Botas,10,595,12,7140,1580.28
2021-04-02,1151,4,Acessórios,637,França,12,Relogio,120,746,15,11190,7795.125
2021-10-30,1152,1,Moda,635,Canadá,15,Shorts,120,569,350,199150,119756.0
2023-01-19,1153,1,Moda,637,França,4,Camisa social,120,548,7,3836,1082.9
2023-01-29,1154,2,Calçados,638,México,1,Botas,120,1009,12,12108,942.24
2022-01-30,1155,4,Acessórios,636,Alemanha,12,Relogio,120,893,15,13395,1287.0
2021-08-12,1156,2,Calçados,638,México,1,Botas,120,410,12,4920,639.6
2022-01-03,1157,5,Automitivos,638,México,10,Pneus,120,724,300,217200,101595.0
2022-05-03,1158,2,Calçados,636,Alemanha,1,Botas,120,822,12,9864,1580.28
2021-05-10,1159,3,Eletrônicos,635,Canadá,16,Smartfone,250,604,125,75500,25723.75
2023-04-20,1160,4,Acessórios,635,Canadá,12,Relogio,250,1144,15,17160,3051.75
2022-11-25,1161,3,Eletrônicos,635,Canadá,16,Smartfone,260,281,125,35125,26958.75
2021-06-02,1162,1,Moda,637,França,4,Camisa social,260,583,7,4081,1082.9
2021-05-18,1163,2,Calçados,638,México,1,Botas,260,332,12,3984,639.6
2022-06-06,1164,2,Calçados,636,Alemanha,1,Botas,260,455,12,5460,2761.2
2022-04-22,1165,1,Moda,638,México,4,Camisa social,3,399,20,7980,7221.2
2023-03-05,1166,1,Moda,639,USA,4,Camisa social,3,15,20,300,4880.4
2021-12-10,1167,1,Moda,639,USA,4,Camisa social,3,242,7,1694,2936.08
2022-11-14,1168,1,Moda,636,Alemanha,4,Camisa social,3,550,7,3850,274.4
2022-07-16,1169,1,Moda,637,França,4,Camisa social,5,113,7,791,287.14
2022-11-05,1170,1,Moda,639,USA,4,Camisa social,5,981,7,6867,2936.08
2022-12-16,1171,4,Acessórios,636,Alemanha,12,Relogio,10,1051,15,15765,583.8
2021-12-09,1172,1,Moda,635,Canadá,4,Camisa social,10,96,20,1920,6798.4
2021-12-31,1173,4,Acessórios,639,USA,12,Relogio,10,1167,15,17505,3710.7
2022-11-09,1174,2,Calçados,637,França,1,Botas,10,444,12,5328,2340.24
2023-03-13,1175,1,Moda,636,Alemanha,4,Camisa social,250,518,7,3626,274.4
2023-03-05,1176,2,Calçados,637,França,1,Botas,260,520,12,6240,2340.24
2022-01-06,1177,2,Calçados,639,USA,1,Botas,260,281,12,3372,3385.2
2022-04-22,1178,5,Automitivos,638,México,10,Pneus,3,504,300,151200,33642.0
2021-11-12,1179,3,Eletrônicos,637,França,9,Notebook,3,243,125,30375,17902.5
2022-02-15,1180,5,Automitivos,635,Canadá,10,Pneus,3,407,300,122100,62832.0
2021-06-28,1181,5,Automitivos,639,USA,10,Pneus,3,653,300,195900,42420.0
2021-10-09,1182,4,Acessórios,636,Alemanha,2,Braceletes,3,953,15,14295,3177.3
2022-07-25,1183,4,Acessórios,635,Canadá,2,Braceletes,3,73,15,1095,4830.0
2022-06-08,1184,3,Eletrônicos,638,México,9,Notebook,3,320,125,40000,49367.5
2023-03-03,1185,1,Moda,635,Canadá,4,Camisa social,5,824,350,288400,109147.5
2021-05-14,1186,1,Moda,636,Alemanha,4,Camisa social,5,916,350,320600,58751.0
2022-10-12,1187,1,Moda,635,Canadá,4,Camisa social,5,101,350,35350,9800.0
2022-04-24,1188,1,Moda,635,Canadá,4,Camisa social,5,1027,7,7189,380.24
2022-09-18,1189,1,Moda,638,México,4,Camisa social,5,867,7,6069,1692.46
2023-05-29,1190,4,Acessórios,635,Canadá,2,Braceletes,5,10,15,150,4830.0
2021-12-11,1191,1,Moda,638,México,4,Camisa social,10,374,20,7480,728.0
2023-04-19,1192,4,Acessórios,635,Canadá,2,Braceletes,10,138,15,2070,5187.0
2022-08-31,1193,4,Acessórios,635,Canadá,2,Braceletes,10,797,15,11955,3660.3
2021-04-28,1194,2,Calçados,639,USA,1,Botas,10,542,12,6504,4895.52
2022-08-24,1195,1,Moda,637,França,4,Camisa social,10,807,7,5649,1696.38
2022-08-08,1196,1,Moda,635,Canadá,4,Camisa social,10,551,350,192850,34300.0
2021-06-15,1197,2,Calçados,635,Canadá,1,Botas,10,383,12,4596,3732.96
2021-09-28,1198,1,Moda,639,USA,4,Camisa social,10,675,350,236250,57673.0
2022-05-23,1199,1,Moda,637,França,4,Camisa social,10,886,350,310100,94178.0
2021-10-21,1200,3,Eletrônicos,638,México,9,Notebook,120,198,125,24750,27562.5
2021-06-18,1201,1,Moda,639,USA,4,Camisa social,120,134,20,2680,1696.8000000000002
2021-11-25,1202,5,Automitivos,639,USA,10,Pneus,120,438,300,131400,103320.0
2023-05-09,1203,5,Automitivos,635,Canadá,10,Pneus,120,203,300,60900,11298.0
2022-08-14,1204,5,Automitivos,636,Alemanha,10,Pneus,120,490,300,147000,106512.0
2021-08-05,1205,1,Moda,638,México,4,Camisa social,250,636,7,4452,2844.94
2023-01-31,1206,5,Automitivos,639,USA,8,Limpa vidros,250,97,300,29100,106722.0
2022-05-24,1207,5,Automitivos,635,Canadá,8,Limpa vidros,250,1148,300,344400,11298.0
2023-04-15,1208,5,Automitivos,635,Canadá,8,Limpa vidros,250,833,300,249900,62832.0
2022-11-27,1209,5,Automitivos,639,USA,8,Limpa vidros,250,37,300,11100,42420.0
2023-02-25,1210,1,Moda,637,França,4,Camisa social,250,1007,350,352450,62769.0
2022-06-24,1211,5,Automitivos,635,Canadá,8,Limpa vidros,260,953,300,285900,37296.0
2021-07-27,1212,3,Eletrônicos,639,USA,9,Notebook,260,1152,125,144000,49770.0
2021-08-13,1213,2,Calçados,637,França,1,Botas,260,1112,12,13344,4158.0
2021-06-09,1214,4,Acessórios,635,Canadá,2,Braceletes,260,646,15,9690,3660.3
2022-06-09,1215,2,Calçados,639,USA,1,Botas,260,465,12,5580,4895.52
2023-03-16,1216,1,Moda,637,França,4,Camisa social,260,481,7,3367,1696.38
2022-02-02,1217,1,Moda,638,México,4,Camisa social,260,901,7,6307,1692.46
2021-11-28,1218,4,Acessórios,638,México,2,Braceletes,260,505,15,7575,3927.0
2022-08-31,1219,3,Eletrônicos,637,França,9,Notebook,3,953,125,119125,22012.5
2023-06-11,1220,3,Eletrônicos,636,Alemanha,16,Smartfone,3,985,125,123125,51881.25
2023-05-10,1221,3,Eletrônicos,636,Alemanha,9,Notebook,3,743,125,92875,20343.75
2021-05-30,1222,5,Automitivos,638,México,8,Limpa vidros,5,359,300,107700,24570.0
2022-03-04,1223,1,Moda,636,Alemanha,4,Camisa social,10,955,20,19100,3474.0
2022-03-04,1224,4,Acessórios,635,Canadá,2,Braceletes,10,47,15,705,3631.5
2021-09-05,1225,1,Moda,638,México,4,Camisa social,10,544,7,3808,2661.75
2022-10-20,1226,1,Moda,638,México,4,Camisa social,10,372,350,130200,149677.5
2021-06-22,1227,4,Acessórios,635,Canadá,2,Braceletes,10,210,15,3150,5757.75
2022-04-10,1228,1,Moda,639,USA,4,Camisa social,10,51,20,1020,801.0
2022-10-18,1229,3,Eletrônicos,636,Alemanha,9,Notebook,10,583,125,72875,20343.75
2021-10-05,1230,4,Acessórios,636,Alemanha,2,Braceletes,10,941,15,14115,2643.75
2022-05-17,1231,1,Moda,639,USA,4,Camisa social,10,432,350,151200,105367.5
2021-04-30,1232,1,Moda,638,México,4,Camisa social,10,903,350,316050,112927.5
2022-06-04,1233,2,Calçados,639,USA,13,Sapatilha,10,201,12,2412,1645.2
2022-10-28,1234,1,Moda,637,França,4,Camisa social,10,440,20,8800,879.0
2023-03-04,1235,2,Calçados,638,México,13,Sapatilha,120,643,12,7716,900.0
2022-03-18,1236,4,Acessórios,637,França,2,Braceletes,120,419,15,6285,6358.5
2022-05-10,1237,3,Eletrônicos,637,França,9,Notebook,120,588,125,73500,12431.25
2021-04-14,1238,5,Automitivos,639,USA,8,Limpa vidros,120,1067,300,320100,115830.0
2022-05-10,1239,3,Eletrônicos,639,USA,9,Notebook,120,6,125,750,45712.5
2022-07-07,1240,2,Calçados,639,USA,13,Sapatilha,120,416,12,4992,1645.2
2023-01-02,1241,1,Moda,635,Canadá,4,Camisa social,250,725,20,14500,2596.5
2021-04-10,1242,4,Acessórios,636,Alemanha,2,Braceletes,250,563,15,8445,1107.0
2023-05-14,1243,1,Moda,639,USA,4,Camisa social,250,580,20,11600,801.0
2022-10-02,1244,4,Acessórios,636,Alemanha,2,Braceletes,250,239,15,3585,2643.75
2022-11-06,1245,3,Eletrônicos,635,Canadá,9,Notebook,250,714,125,89250,55387.5
2021-04-15,1246,3,Eletrônicos,636,Alemanha,9,Notebook,250,1176,125,147000,10350.0
2022-10-05,1247,1,Moda,637,França,4,Camisa social,250,812,20,16240,879.0
2021-07-23,1248,5,Automitivos,637,França,8,Limpa vidros,260,388,300,116400,111375.0
2021-08-08,1249,5,Automitivos,638,México,8,Limpa vidros,260,479,300,143700,24570.0
2022-12-12,1250,1,Moda,638,México,4,Camisa social,5,154,7,1078,1436.4
2022-10-16,1251,1,Moda,635,Canadá,4,Camisa social,10,186,7,1302,759.1500000000001
2021-08-04,1252,2,Calçados,639,USA,13,Sapatilha,250,784,12,9408,3250.8
2022-12-30,267,1,Moda,639,USA,15,Shorts,250,701,7,4907,199.5
2022-12-30,819,1,Moda,639,USA,15,Shorts,250,677,7,4739,199.5
2022-12-29,120,4,Acessórios,639,USA,12,Relogio,10,81,15,1215,577.5
2022-12-29,160,3,Eletrônicos,636,Alemanha,9,Notebook,10,481,125,60125,5887.5
2022-12-29,712,3,Eletrônicos,636,Alemanha,9,Notebook,10,784,125,98000,5887.5
2022-12-28,471,1,Moda,637,França,3,Calça social,120,11,350,3850,22365.0
2022-12-28,1023,1,Moda,637,França,3,Calça social,120,1197,350,418950,22365.0
2022-12-27,136,1,Moda,639,USA,15,Shorts,250,598,350,209300,1862.0
2022-12-27,236,5,Automitivos,638,México,8,Limpa vidros,5,992,300,297600,16500.0
2022-12-27,419,2,Calçados,638,México,14,Sapato social,10,959,12,11508,396.36
2022-12-27,788,5,Automitivos,638,México,8,Limpa vidros,5,685,300,205500,16500.0
2022-12-27,971,2,Calçados,638,México,14,Sapato social,10,341,12,4092,396.36
2022-12-25,454,4,Acessórios,635,Canadá,2,Braceletes,260,1079,15,16185,2201.175
2022-12-25,1006,4,Acessórios,635,Canadá,2,Braceletes,260,1055,15,15825,2201.175
2022-12-20,530,3,Eletrônicos,636,Alemanha,16,Smartfone,260,629,125,78625,43518.75
2022-12-20,1082,3,Eletrônicos,636,Alemanha,16,Smartfone,260,1094,125,136750,43518.75
2022-12-17,75,4,Acessórios,639,USA,12,Relogio,10,418,15,6270,227.1
2022-12-17,145,3,Eletrônicos,637,França,9,Notebook,3,832,125,104000,15913.125
2022-12-17,349,1,Moda,636,Alemanha,4,Camisa social,120,665,20,13300,823.2
2023-04-02,573,1,Moda,636,Alemanha,15,Shorts,10,1033,20,20660,3674.4
2023-04-02,599,4,Acessórios,637,França,12,Relogio,120,739,15,11085,7795.125
2023-04-02,1125,1,Moda,636,Alemanha,15,Shorts,10,790,20,15800,3674.4
2023-04-02,1151,4,Acessórios,637,França,12,Relogio,120,953,15,14295,7795.125
2023-04-06,394,5,Automitivos,639,USA,8,Limpa vidros,250,290,300,87000,19392.0
2023-04-06,946,5,Automitivos,639,USA,8,Limpa vidros,250,28,300,8400,19392.0
2023-04-09,117,5,Automitivos,635,Canadá,10,Pneus,10,416,300,124800,11496.0
2023-04-09,557,1,Moda,638,México,5,Camiseta,10,305,20,6100,2959.2
2023-04-09,1109,1,Moda,638,México,5,Camiseta,10,1199,20,23980,2959.2
2021-04-02,573,1,Moda,636,Alemanha,15,Shorts,10,1033,20,20660,3674.4
2021-04-02,599,4,Acessórios,637,França,12,Relogio,120,739,15,11085,7795.125
2021-04-02,1125,1,Moda,636,Alemanha,15,Shorts,10,790,20,15800,3674.4
2021-04-02,1151,4,Acessórios,637,França,12,Relogio,120,953,15,14295,7795.125
2021-04-06,394,5,Automitivos,639,USA,8,Limpa vidros,250,290,300,87000,19392.0
2021-04-06,946,5,Automitivos,639,USA,8,Limpa vidros,250,28,300,8400,19392.0
2021-04-09,117,5,Automitivos,635,Canadá,10,Pneus,10,416,300,124800,11496.0
2021-04-09,557,1,Moda,638,México,5,Camiseta,10,305,20,6100,2959.2
2021-04-09,1109,1,Moda,638,México,5,Camiseta,10,1199,20,23980,2959.2
2021-04-10,574,1,Moda,637,França,15,Shorts,250,470,7,3290,1252.44
2021-04-10,690,4,Acessórios,636,Alemanha,2,Braceletes,250,656,15,9840,1107.0
2021-04-10,1126,1,Moda,637,França,15,Shorts,250,595,7,4165,1252.44
2021-04-10,1242,4,Acessórios,636,Alemanha,2,Braceletes,250,805,15,12075,1107.0
2021-04-11,78,3,Eletrônicos,637,França,16,Smartfone,10,549,125,68625,983.75
2021-04-12,17,1,Moda,635,Canadá,3,Calça social,10,1061,20,21220,0.0
2021-04-12,208,4,Acessórios,638,México,2,Braceletes,250,500,15,7500,908.4
2021-04-12,564,1,Moda,639,USA,15,Shorts,250,409,350,143150,41412.0
2021-04-12,760,4,Acessórios,638,México,2,Braceletes,250,1145,15,17175,908.4
